Copyright 1986-2016 Xilinx, Inc. All Rights Reserved.
-----------------------------------------------------------------------------------------------------------------------------------------------------------------
| Tool Version : Vivado v.2016.2 (win64) Build 1577090 Thu Jun  2 16:32:40 MDT 2016
| Date         : Sat Sep 12 23:40:22 2026
| Host         : PC-202601181451 running 64-bit major release  (build 9200)
| Command      : report_timing_summary -warn_on_violation -max_paths 10 -file sccomp_board_timing_summary_routed.rpt -rpx sccomp_board_timing_summary_routed.rpx
| Design       : sccomp_board
| Device       : 7a100t-csg324
| Speed File   : -1  PRODUCTION 1.14 2014-09-11
-----------------------------------------------------------------------------------------------------------------------------------------------------------------

Timing Summary Report

------------------------------------------------------------------------------------------------
| Timer Settings
| --------------
------------------------------------------------------------------------------------------------

  Enable Multi Corner Analysis               :  Yes
  Enable Pessimism Removal                   :  Yes
  Pessimism Removal Resolution               :  Nearest Common Node
  Enable Input Delay Default Clock           :  No
  Enable Preset / Clear Arcs                 :  No
  Disable Flight Delays                      :  No
  Ignore I/O Paths                           :  No
  Timing Early Launch at Borrowing Latches   :  false

  Corner  Analyze    Analyze    
  Name    Max Paths  Min Paths  
  ------  ---------  ---------  
  Slow    Yes        Yes        
  Fast    Yes        Yes        



check_timing report

Table of Contents
-----------------
1. checking no_clock
2. checking constant_clock
3. checking pulse_width_clock
4. checking unconstrained_internal_endpoints
5. checking no_input_delay
6. checking no_output_delay
7. checking multiple_clock
8. checking generated_clocks
9. checking loops
10. checking partial_input_delay
11. checking partial_output_delay
12. checking latch_loops

1. checking no_clock
--------------------
 There are 2176 register/latch pins with no clock driven by root clock pin: cpu_clk_reg/C (HIGH)

 There are 3 register/latch pins with no clock driven by root clock pin: seg7/cnt_reg[14]/C (HIGH)


2. checking constant_clock
--------------------------
 There are 0 register/latch pins with constant_clock.


3. checking pulse_width_clock
-----------------------------
 There are 0 register/latch pins which need pulse_width check


4. checking unconstrained_internal_endpoints
--------------------------------------------
 There are 6630 pins that are not constrained for maximum delay. (HIGH)

 There are 0 pins that are not constrained for maximum delay due to constant clock.


5. checking no_input_delay
--------------------------
 There are 0 input ports with no input delay specified.

 There are 0 input ports with no input delay but user has a false path constraint.


6. checking no_output_delay
---------------------------
 There are 0 ports with no output delay specified.

 There are 0 ports with no output delay but user has a false path constraint

 There are 0 ports with no output delay but with a timing clock defined on it or propagating through it


7. checking multiple_clock
--------------------------
 There are 0 register/latch pins with multiple clocks.


8. checking generated_clocks
----------------------------
 There are 0 generated clocks that are not connected to a clock source.


9. checking loops
-----------------
 There are 0 combinational loops in the design.


10. checking partial_input_delay
--------------------------------
 There are 0 input ports with partial input delay specified.


11. checking partial_output_delay
---------------------------------
 There are 0 ports with partial output delay specified.


12. checking latch_loops
------------------------
 There are 0 combinational latch loops in the design through latch input



------------------------------------------------------------------------------------------------
| Design Timing Summary
| ---------------------
------------------------------------------------------------------------------------------------

    WNS(ns)      TNS(ns)  TNS Failing Endpoints  TNS Total Endpoints      WHS(ns)      THS(ns)  THS Failing Endpoints  THS Total Endpoints     WPWS(ns)     TPWS(ns)  TPWS Failing Endpoints  TPWS Total Endpoints  
    -------      -------  ---------------------  -------------------      -------      -------  ---------------------  -------------------     --------     --------  ----------------------  --------------------  
     72.990        0.000                      0                  137        0.268        0.000                      0                  137       49.500        0.000                       0                    82  


All user specified timing constraints are met.


------------------------------------------------------------------------------------------------
| Clock Summary
| -------------
------------------------------------------------------------------------------------------------

Clock    Waveform(ns)       Period(ns)      Frequency(MHz)
-----    ------------       ----------      --------------
clk_pin  {0.000 50.000}     100.000         10.000          


------------------------------------------------------------------------------------------------
| Intra Clock Table
| -----------------
------------------------------------------------------------------------------------------------

Clock             WNS(ns)      TNS(ns)  TNS Failing Endpoints  TNS Total Endpoints      WHS(ns)      THS(ns)  THS Failing Endpoints  THS Total Endpoints     WPWS(ns)     TPWS(ns)  TPWS Failing Endpoints  TPWS Total Endpoints  
-----             -------      -------  ---------------------  -------------------      -------      -------  ---------------------  -------------------     --------     --------  ----------------------  --------------------  
clk_pin            86.518        0.000                      0                   56        0.268        0.000                      0                   56       49.500        0.000                       0                    82  


------------------------------------------------------------------------------------------------
| Inter Clock Table
| -----------------
------------------------------------------------------------------------------------------------

From Clock    To Clock          WNS(ns)      TNS(ns)  TNS Failing Endpoints  TNS Total Endpoints      WHS(ns)      THS(ns)  THS Failing Endpoints  THS Total Endpoints  
----------    --------          -------      -------  ---------------------  -------------------      -------      -------  ---------------------  -------------------  


------------------------------------------------------------------------------------------------
| Other Path Groups Table
| -----------------------
------------------------------------------------------------------------------------------------

Path Group         From Clock         To Clock               WNS(ns)      TNS(ns)  TNS Failing Endpoints  TNS Total Endpoints      WHS(ns)      THS(ns)  THS Failing Endpoints  THS Total Endpoints  
----------         ----------         --------               -------      -------  ---------------------  -------------------      -------      -------  ---------------------  -------------------  
**async_default**  clk_pin            clk_pin                 72.990        0.000                      0                   81        0.709        0.000                      0                   81  


------------------------------------------------------------------------------------------------
| Timing Details
| --------------
------------------------------------------------------------------------------------------------


---------------------------------------------------------------------------------------------------
From Clock:  clk_pin
  To Clock:  clk_pin

Setup :            0  Failing Endpoints,  Worst Slack       86.518ns,  Total Violation        0.000ns
Hold  :            0  Failing Endpoints,  Worst Slack        0.268ns,  Total Violation        0.000ns
PW    :            0  Failing Endpoints,  Worst Slack       49.500ns,  Total Violation        0.000ns
---------------------------------------------------------------------------------------------------


Max Delay Paths
--------------------------------------------------------------------------------------
Slack (MET) :             86.518ns  (required time - arrival time)
  Source:                 seg7/o_seg_r_reg[3]/C
                            (rising edge-triggered cell FDPE clocked by clk_pin  {rise@0.000ns fall@50.000ns period=100.000ns})
  Destination:            o_seg[3]
                            (output port clocked by clk_pin  {rise@0.000ns fall@50.000ns period=100.000ns})
  Path Group:             clk_pin
  Path Type:              Max at Slow Process Corner
  Requirement:            100.000ns  (clk_pin rise@100.000ns - clk_pin rise@0.000ns)
  Data Path Delay:        8.029ns  (logic 4.006ns (49.897%)  route 4.023ns (50.103%))
  Logic Levels:           1  (OBUF=1)
  Output Delay:           0.000ns
  Clock Path Skew:        -5.418ns (DCD - SCD + CPR)
    Destination Clock Delay (DCD):    0.000ns = ( 100.000 - 100.000 ) 
    Source Clock Delay      (SCD):    5.418ns
    Clock Pessimism Removal (CPR):    0.000ns
  Clock Uncertainty:      0.035ns  ((TSJ^2 + TIJ^2)^1/2 + DJ) / 2 + PE
    Total System Jitter     (TSJ):    0.071ns
    Total Input Jitter      (TIJ):    0.000ns
    Discrete Jitter          (DJ):    0.000ns
    Phase Error              (PE):    0.000ns

    Location             Delay type                Incr(ns)  Path(ns)    Netlist Resource(s)
  -------------------------------------------------------------------    -------------------
                         (clock clk_pin rise edge)    0.000     0.000 r  
    E3                                                0.000     0.000 r  clk_in (IN)
                         net (fo=0)                   0.000     0.000    clk_in
    E3                   IBUF (Prop_ibuf_I_O)         1.482     1.482 r  clk_in_IBUF_inst/O
                         net (fo=1, routed)           2.025     3.506    clk_in_IBUF
    BUFGCTRL_X0Y16       BUFG (Prop_bufg_I_O)         0.096     3.602 r  clk_in_IBUF_BUFG_inst/O
                         net (fo=81, routed)          1.815     5.418    seg7/clk_in_IBUF_BUFG
    SLICE_X18Y37         FDPE                                         r  seg7/o_seg_r_reg[3]/C
  -------------------------------------------------------------------    -------------------
    SLICE_X18Y37         FDPE (Prop_fdpe_C_Q)         0.456     5.874 r  seg7/o_seg_r_reg[3]/Q
                         net (fo=1, routed)           4.023     9.897    o_seg_OBUF[3]
    K13                  OBUF (Prop_obuf_I_O)         3.550    13.447 r  o_seg_OBUF[3]_inst/O
                         net (fo=0)                   0.000    13.447    o_seg[3]
    K13                                                               r  o_seg[3] (OUT)
  -------------------------------------------------------------------    -------------------

                         (clock clk_pin rise edge)  100.000   100.000 r  
                         clock pessimism              0.000   100.000    
                         clock uncertainty           -0.035    99.965    
                         output delay                -0.000    99.965    
  -------------------------------------------------------------------
                         required time                         99.965    
                         arrival time                         -13.447    
  -------------------------------------------------------------------
                         slack                                 86.518    

Slack (MET) :             86.604ns  (required time - arrival time)
  Source:                 seg7/o_seg_r_reg[6]/C
                            (rising edge-triggered cell FDPE clocked by clk_pin  {rise@0.000ns fall@50.000ns period=100.000ns})
  Destination:            o_seg[6]
                            (output port clocked by clk_pin  {rise@0.000ns fall@50.000ns period=100.000ns})
  Path Group:             clk_pin
  Path Type:              Max at Slow Process Corner
  Requirement:            100.000ns  (clk_pin rise@100.000ns - clk_pin rise@0.000ns)
  Data Path Delay:        7.944ns  (logic 3.993ns (50.266%)  route 3.951ns (49.734%))
  Logic Levels:           1  (OBUF=1)
  Output Delay:           0.000ns
  Clock Path Skew:        -5.417ns (DCD - SCD + CPR)
    Destination Clock Delay (DCD):    0.000ns = ( 100.000 - 100.000 ) 
    Source Clock Delay      (SCD):    5.417ns
    Clock Pessimism Removal (CPR):    0.000ns
  Clock Uncertainty:      0.035ns  ((TSJ^2 + TIJ^2)^1/2 + DJ) / 2 + PE
    Total System Jitter     (TSJ):    0.071ns
    Total Input Jitter      (TIJ):    0.000ns
    Discrete Jitter          (DJ):    0.000ns
    Phase Error              (PE):    0.000ns

    Location             Delay type                Incr(ns)  Path(ns)    Netlist Resource(s)
  -------------------------------------------------------------------    -------------------
                         (clock clk_pin rise edge)    0.000     0.000 r  
    E3                                                0.000     0.000 r  clk_in (IN)
                         net (fo=0)                   0.000     0.000    clk_in
    E3                   IBUF (Prop_ibuf_I_O)         1.482     1.482 r  clk_in_IBUF_inst/O
                         net (fo=1, routed)           2.025     3.506    clk_in_IBUF
    BUFGCTRL_X0Y16       BUFG (Prop_bufg_I_O)         0.096     3.602 r  clk_in_IBUF_BUFG_inst/O
                         net (fo=81, routed)          1.814     5.417    seg7/clk_in_IBUF_BUFG
    SLICE_X21Y37         FDPE                                         r  seg7/o_seg_r_reg[6]/C
  -------------------------------------------------------------------    -------------------
    SLICE_X21Y37         FDPE (Prop_fdpe_C_Q)         0.456     5.873 r  seg7/o_seg_r_reg[6]/Q
                         net (fo=1, routed)           3.951     9.824    o_seg_OBUF[6]
    L18                  OBUF (Prop_obuf_I_O)         3.537    13.361 r  o_seg_OBUF[6]_inst/O
                         net (fo=0)                   0.000    13.361    o_seg[6]
    L18                                                               r  o_seg[6] (OUT)
  -------------------------------------------------------------------    -------------------

                         (clock clk_pin rise edge)  100.000   100.000 r  
                         clock pessimism              0.000   100.000    
                         clock uncertainty           -0.035    99.965    
                         output delay                -0.000    99.965    
  -------------------------------------------------------------------
                         required time                         99.965    
                         arrival time                         -13.361    
  -------------------------------------------------------------------
                         slack                                 86.604    

Slack (MET) :             86.709ns  (required time - arrival time)
  Source:                 seg7/o_seg_r_reg[2]/C
                            (rising edge-triggered cell FDPE clocked by clk_pin  {rise@0.000ns fall@50.000ns period=100.000ns})
  Destination:            o_seg[2]
                            (output port clocked by clk_pin  {rise@0.000ns fall@50.000ns period=100.000ns})
  Path Group:             clk_pin
  Path Type:              Max at Slow Process Corner
  Requirement:            100.000ns  (clk_pin rise@100.000ns - clk_pin rise@0.000ns)
  Data Path Delay:        7.838ns  (logic 3.949ns (50.385%)  route 3.889ns (49.615%))
  Logic Levels:           1  (OBUF=1)
  Output Delay:           0.000ns
  Clock Path Skew:        -5.418ns (DCD - SCD + CPR)
    Destination Clock Delay (DCD):    0.000ns = ( 100.000 - 100.000 ) 
    Source Clock Delay      (SCD):    5.418ns
    Clock Pessimism Removal (CPR):    0.000ns
  Clock Uncertainty:      0.035ns  ((TSJ^2 + TIJ^2)^1/2 + DJ) / 2 + PE
    Total System Jitter     (TSJ):    0.071ns
    Total Input Jitter      (TIJ):    0.000ns
    Discrete Jitter          (DJ):    0.000ns
    Phase Error              (PE):    0.000ns

    Location             Delay type                Incr(ns)  Path(ns)    Netlist Resource(s)
  -------------------------------------------------------------------    -------------------
                         (clock clk_pin rise edge)    0.000     0.000 r  
    E3                                                0.000     0.000 r  clk_in (IN)
                         net (fo=0)                   0.000     0.000    clk_in
    E3                   IBUF (Prop_ibuf_I_O)         1.482     1.482 r  clk_in_IBUF_inst/O
                         net (fo=1, routed)           2.025     3.506    clk_in_IBUF
    BUFGCTRL_X0Y16       BUFG (Prop_bufg_I_O)         0.096     3.602 r  clk_in_IBUF_BUFG_inst/O
                         net (fo=81, routed)          1.815     5.418    seg7/clk_in_IBUF_BUFG
    SLICE_X19Y37         FDPE                                         r  seg7/o_seg_r_reg[2]/C
  -------------------------------------------------------------------    -------------------
    SLICE_X19Y37         FDPE (Prop_fdpe_C_Q)         0.456     5.874 r  seg7/o_seg_r_reg[2]/Q
                         net (fo=1, routed)           3.889     9.762    o_seg_OBUF[2]
    K16                  OBUF (Prop_obuf_I_O)         3.493    13.256 r  o_seg_OBUF[2]_inst/O
                         net (fo=0)                   0.000    13.256    o_seg[2]
    K16                                                               r  o_seg[2] (OUT)
  -------------------------------------------------------------------    -------------------

                         (clock clk_pin rise edge)  100.000   100.000 r  
                         clock pessimism              0.000   100.000    
                         clock uncertainty           -0.035    99.965    
                         output delay                -0.000    99.965    
  -------------------------------------------------------------------
                         required time                         99.965    
                         arrival time                         -13.256    
  -------------------------------------------------------------------
                         slack                                 86.709    

Slack (MET) :             87.215ns  (required time - arrival time)
  Source:                 seg7/o_seg_r_reg[4]/C
                            (rising edge-triggered cell FDPE clocked by clk_pin  {rise@0.000ns fall@50.000ns period=100.000ns})
  Destination:            o_seg[4]
                            (output port clocked by clk_pin  {rise@0.000ns fall@50.000ns period=100.000ns})
  Path Group:             clk_pin
  Path Type:              Max at Slow Process Corner
  Requirement:            100.000ns  (clk_pin rise@100.000ns - clk_pin rise@0.000ns)
  Data Path Delay:        7.334ns  (logic 3.990ns (54.395%)  route 3.345ns (45.605%))
  Logic Levels:           1  (OBUF=1)
  Output Delay:           0.000ns
  Clock Path Skew:        -5.416ns (DCD - SCD + CPR)
    Destination Clock Delay (DCD):    0.000ns = ( 100.000 - 100.000 ) 
    Source Clock Delay      (SCD):    5.416ns
    Clock Pessimism Removal (CPR):    0.000ns
  Clock Uncertainty:      0.035ns  ((TSJ^2 + TIJ^2)^1/2 + DJ) / 2 + PE
    Total System Jitter     (TSJ):    0.071ns
    Total Input Jitter      (TIJ):    0.000ns
    Discrete Jitter          (DJ):    0.000ns
    Phase Error              (PE):    0.000ns

    Location             Delay type                Incr(ns)  Path(ns)    Netlist Resource(s)
  -------------------------------------------------------------------    -------------------
                         (clock clk_pin rise edge)    0.000     0.000 r  
    E3                                                0.000     0.000 r  clk_in (IN)
                         net (fo=0)                   0.000     0.000    clk_in
    E3                   IBUF (Prop_ibuf_I_O)         1.482     1.482 r  clk_in_IBUF_inst/O
                         net (fo=1, routed)           2.025     3.506    clk_in_IBUF
    BUFGCTRL_X0Y16       BUFG (Prop_bufg_I_O)         0.096     3.602 r  clk_in_IBUF_BUFG_inst/O
                         net (fo=81, routed)          1.813     5.416    seg7/clk_in_IBUF_BUFG
    SLICE_X21Y36         FDPE                                         r  seg7/o_seg_r_reg[4]/C
  -------------------------------------------------------------------    -------------------
    SLICE_X21Y36         FDPE (Prop_fdpe_C_Q)         0.456     5.872 r  seg7/o_seg_r_reg[4]/Q
                         net (fo=1, routed)           3.345     9.217    o_seg_OBUF[4]
    P15                  OBUF (Prop_obuf_I_O)         3.534    12.750 r  o_seg_OBUF[4]_inst/O
                         net (fo=0)                   0.000    12.750    o_seg[4]
    P15                                                               r  o_seg[4] (OUT)
  -------------------------------------------------------------------    -------------------

                         (clock clk_pin rise edge)  100.000   100.000 r  
                         clock pessimism              0.000   100.000    
                         clock uncertainty           -0.035    99.965    
                         output delay                -0.000    99.965    
  -------------------------------------------------------------------
                         required time                         99.965    
                         arrival time                         -12.750    
  -------------------------------------------------------------------
                         slack                                 87.215    

Slack (MET) :             87.451ns  (required time - arrival time)
  Source:                 seg7/o_seg_r_reg[5]/C
                            (rising edge-triggered cell FDPE clocked by clk_pin  {rise@0.000ns fall@50.000ns period=100.000ns})
  Destination:            o_seg[5]
                            (output port clocked by clk_pin  {rise@0.000ns fall@50.000ns period=100.000ns})
  Path Group:             clk_pin
  Path Type:              Max at Slow Process Corner
  Requirement:            100.000ns  (clk_pin rise@100.000ns - clk_pin rise@0.000ns)
  Data Path Delay:        7.097ns  (logic 4.017ns (56.600%)  route 3.080ns (43.400%))
  Logic Levels:           1  (OBUF=1)
  Output Delay:           0.000ns
  Clock Path Skew:        -5.417ns (DCD - SCD + CPR)
    Destination Clock Delay (DCD):    0.000ns = ( 100.000 - 100.000 ) 
    Source Clock Delay      (SCD):    5.417ns
    Clock Pessimism Removal (CPR):    0.000ns
  Clock Uncertainty:      0.035ns  ((TSJ^2 + TIJ^2)^1/2 + DJ) / 2 + PE
    Total System Jitter     (TSJ):    0.071ns
    Total Input Jitter      (TIJ):    0.000ns
    Discrete Jitter          (DJ):    0.000ns
    Phase Error              (PE):    0.000ns

    Location             Delay type                Incr(ns)  Path(ns)    Netlist Resource(s)
  -------------------------------------------------------------------    -------------------
                         (clock clk_pin rise edge)    0.000     0.000 r  
    E3                                                0.000     0.000 r  clk_in (IN)
                         net (fo=0)                   0.000     0.000    clk_in
    E3                   IBUF (Prop_ibuf_I_O)         1.482     1.482 r  clk_in_IBUF_inst/O
                         net (fo=1, routed)           2.025     3.506    clk_in_IBUF
    BUFGCTRL_X0Y16       BUFG (Prop_bufg_I_O)         0.096     3.602 r  clk_in_IBUF_BUFG_inst/O
                         net (fo=81, routed)          1.814     5.417    seg7/clk_in_IBUF_BUFG
    SLICE_X21Y37         FDPE                                         r  seg7/o_seg_r_reg[5]/C
  -------------------------------------------------------------------    -------------------
    SLICE_X21Y37         FDPE (Prop_fdpe_C_Q)         0.456     5.873 r  seg7/o_seg_r_reg[5]/Q
                         net (fo=1, routed)           3.080     8.953    o_seg_OBUF[5]
    T11                  OBUF (Prop_obuf_I_O)         3.561    12.513 r  o_seg_OBUF[5]_inst/O
                         net (fo=0)                   0.000    12.513    o_seg[5]
    T11                                                               r  o_seg[5] (OUT)
  -------------------------------------------------------------------    -------------------

                         (clock clk_pin rise edge)  100.000   100.000 r  
                         clock pessimism              0.000   100.000    
                         clock uncertainty           -0.035    99.965    
                         output delay                -0.000    99.965    
  -------------------------------------------------------------------
                         required time                         99.965    
                         arrival time                         -12.513    
  -------------------------------------------------------------------
                         slack                                 87.451    

Slack (MET) :             87.776ns  (required time - arrival time)
  Source:                 seg7/o_seg_r_reg[1]/C
                            (rising edge-triggered cell FDPE clocked by clk_pin  {rise@0.000ns fall@50.000ns period=100.000ns})
  Destination:            o_seg[1]
                            (output port clocked by clk_pin  {rise@0.000ns fall@50.000ns period=100.000ns})
  Path Group:             clk_pin
  Path Type:              Max at Slow Process Corner
  Requirement:            100.000ns  (clk_pin rise@100.000ns - clk_pin rise@0.000ns)
  Data Path Delay:        6.773ns  (logic 4.011ns (59.225%)  route 2.762ns (40.775%))
  Logic Levels:           1  (OBUF=1)
  Output Delay:           0.000ns
  Clock Path Skew:        -5.416ns (DCD - SCD + CPR)
    Destination Clock Delay (DCD):    0.000ns = ( 100.000 - 100.000 ) 
    Source Clock Delay      (SCD):    5.416ns
    Clock Pessimism Removal (CPR):    0.000ns
  Clock Uncertainty:      0.035ns  ((TSJ^2 + TIJ^2)^1/2 + DJ) / 2 + PE
    Total System Jitter     (TSJ):    0.071ns
    Total Input Jitter      (TIJ):    0.000ns
    Discrete Jitter          (DJ):    0.000ns
    Phase Error              (PE):    0.000ns

    Location             Delay type                Incr(ns)  Path(ns)    Netlist Resource(s)
  -------------------------------------------------------------------    -------------------
                         (clock clk_pin rise edge)    0.000     0.000 r  
    E3                                                0.000     0.000 r  clk_in (IN)
                         net (fo=0)                   0.000     0.000    clk_in
    E3                   IBUF (Prop_ibuf_I_O)         1.482     1.482 r  clk_in_IBUF_inst/O
                         net (fo=1, routed)           2.025     3.506    clk_in_IBUF
    BUFGCTRL_X0Y16       BUFG (Prop_bufg_I_O)         0.096     3.602 r  clk_in_IBUF_BUFG_inst/O
                         net (fo=81, routed)          1.813     5.416    seg7/clk_in_IBUF_BUFG
    SLICE_X21Y36         FDPE                                         r  seg7/o_seg_r_reg[1]/C
  -------------------------------------------------------------------    -------------------
    SLICE_X21Y36         FDPE (Prop_fdpe_C_Q)         0.456     5.872 r  seg7/o_seg_r_reg[1]/Q
                         net (fo=1, routed)           2.762     8.634    o_seg_OBUF[1]
    R10                  OBUF (Prop_obuf_I_O)         3.555    12.189 r  o_seg_OBUF[1]_inst/O
                         net (fo=0)                   0.000    12.189    o_seg[1]
    R10                                                               r  o_seg[1] (OUT)
  -------------------------------------------------------------------    -------------------

                         (clock clk_pin rise edge)  100.000   100.000 r  
                         clock pessimism              0.000   100.000    
                         clock uncertainty           -0.035    99.965    
                         output delay                -0.000    99.965    
  -------------------------------------------------------------------
                         required time                         99.965    
                         arrival time                         -12.189    
  -------------------------------------------------------------------
                         slack                                 87.776    

Slack (MET) :             87.809ns  (required time - arrival time)
  Source:                 seg7/o_seg_r_reg[0]/C
                            (rising edge-triggered cell FDPE clocked by clk_pin  {rise@0.000ns fall@50.000ns period=100.000ns})
  Destination:            o_seg[0]
                            (output port clocked by clk_pin  {rise@0.000ns fall@50.000ns period=100.000ns})
  Path Group:             clk_pin
  Path Type:              Max at Slow Process Corner
  Requirement:            100.000ns  (clk_pin rise@100.000ns - clk_pin rise@0.000ns)
  Data Path Delay:        6.739ns  (logic 4.033ns (59.847%)  route 2.706ns (40.153%))
  Logic Levels:           1  (OBUF=1)
  Output Delay:           0.000ns
  Clock Path Skew:        -5.417ns (DCD - SCD + CPR)
    Destination Clock Delay (DCD):    0.000ns = ( 100.000 - 100.000 ) 
    Source Clock Delay      (SCD):    5.417ns
    Clock Pessimism Removal (CPR):    0.000ns
  Clock Uncertainty:      0.035ns  ((TSJ^2 + TIJ^2)^1/2 + DJ) / 2 + PE
    Total System Jitter     (TSJ):    0.071ns
    Total Input Jitter      (TIJ):    0.000ns
    Discrete Jitter          (DJ):    0.000ns
    Phase Error              (PE):    0.000ns

    Location             Delay type                Incr(ns)  Path(ns)    Netlist Resource(s)
  -------------------------------------------------------------------    -------------------
                         (clock clk_pin rise edge)    0.000     0.000 r  
    E3                                                0.000     0.000 r  clk_in (IN)
                         net (fo=0)                   0.000     0.000    clk_in
    E3                   IBUF (Prop_ibuf_I_O)         1.482     1.482 r  clk_in_IBUF_inst/O
                         net (fo=1, routed)           2.025     3.506    clk_in_IBUF
    BUFGCTRL_X0Y16       BUFG (Prop_bufg_I_O)         0.096     3.602 r  clk_in_IBUF_BUFG_inst/O
                         net (fo=81, routed)          1.814     5.417    seg7/clk_in_IBUF_BUFG
    SLICE_X18Y36         FDPE                                         r  seg7/o_seg_r_reg[0]/C
  -------------------------------------------------------------------    -------------------
    SLICE_X18Y36         FDPE (Prop_fdpe_C_Q)         0.456     5.873 r  seg7/o_seg_r_reg[0]/Q
                         net (fo=1, routed)           2.706     8.579    o_seg_OBUF[0]
    T10                  OBUF (Prop_obuf_I_O)         3.577    12.156 r  o_seg_OBUF[0]_inst/O
                         net (fo=0)                   0.000    12.156    o_seg[0]
    T10                                                               r  o_seg[0] (OUT)
  -------------------------------------------------------------------    -------------------

                         (clock clk_pin rise edge)  100.000   100.000 r  
                         clock pessimism              0.000   100.000    
                         clock uncertainty           -0.035    99.965    
                         output delay                -0.000    99.965    
  -------------------------------------------------------------------
                         required time                         99.965    
                         arrival time                         -12.156    
  -------------------------------------------------------------------
                         slack                                 87.809    

Slack (MET) :             95.478ns  (required time - arrival time)
  Source:                 div_cnt_reg[18]/C
                            (rising edge-triggered cell FDCE clocked by clk_pin  {rise@0.000ns fall@50.000ns period=100.000ns})
  Destination:            div_cnt_reg[19]/D
                            (rising edge-triggered cell FDCE clocked by clk_pin  {rise@0.000ns fall@50.000ns period=100.000ns})
  Path Group:             clk_pin
  Path Type:              Setup (Max at Slow Process Corner)
  Requirement:            100.000ns  (clk_pin rise@100.000ns - clk_pin rise@0.000ns)
  Data Path Delay:        4.493ns  (logic 1.211ns (26.954%)  route 3.282ns (73.046%))
  Logic Levels:           5  (LUT2=1 LUT4=1 LUT5=1 LUT6=2)
  Clock Path Skew:        -0.025ns (DCD - SCD + CPR)
    Destination Clock Delay (DCD):    4.937ns = ( 104.937 - 100.000 ) 
    Source Clock Delay      (SCD):    5.238ns
    Clock Pessimism Removal (CPR):    0.276ns
  Clock Uncertainty:      0.035ns  ((TSJ^2 + TIJ^2)^1/2 + DJ) / 2 + PE
    Total System Jitter     (TSJ):    0.071ns
    Total Input Jitter      (TIJ):    0.000ns
    Discrete Jitter          (DJ):    0.000ns
    Phase Error              (PE):    0.000ns

    Location             Delay type                Incr(ns)  Path(ns)    Netlist Resource(s)
  -------------------------------------------------------------------    -------------------
                         (clock clk_pin rise edge)    0.000     0.000 r  
    E3                                                0.000     0.000 r  clk_in (IN)
                         net (fo=0)                   0.000     0.000    clk_in
    E3                   IBUF (Prop_ibuf_I_O)         1.482     1.482 r  clk_in_IBUF_inst/O
                         net (fo=1, routed)           2.025     3.506    clk_in_IBUF
    BUFGCTRL_X0Y16       BUFG (Prop_bufg_I_O)         0.096     3.602 r  clk_in_IBUF_BUFG_inst/O
                         net (fo=81, routed)          1.635     5.238    clk_in_IBUF_BUFG
    SLICE_X48Y98         FDCE                                         r  div_cnt_reg[18]/C
  -------------------------------------------------------------------    -------------------
    SLICE_X48Y98         FDCE (Prop_fdce_C_Q)         0.419     5.657 f  div_cnt_reg[18]/Q
                         net (fo=2, routed)           0.598     6.255    div_cnt_reg_n_0_[18]
    SLICE_X48Y99         LUT4 (Prop_lut4_I1_O)        0.296     6.551 r  div_cnt[25]_i_9/O
                         net (fo=1, routed)           0.416     6.967    div_cnt[25]_i_9_n_0
    SLICE_X48Y98         LUT5 (Prop_lut5_I4_O)        0.124     7.091 r  div_cnt[25]_i_8/O
                         net (fo=1, routed)           0.643     7.734    div_cnt[25]_i_8_n_0
    SLICE_X48Y97         LUT6 (Prop_lut6_I5_O)        0.124     7.858 r  div_cnt[25]_i_4/O
                         net (fo=1, routed)           0.425     8.283    div_cnt[25]_i_4_n_0
    SLICE_X48Y96         LUT6 (Prop_lut6_I0_O)        0.124     8.407 r  div_cnt[25]_i_2/O
                         net (fo=26, routed)          1.199     9.607    div_cnt[25]_i_2_n_0
    SLICE_X48Y99         LUT2 (Prop_lut2_I0_O)        0.124     9.731 r  div_cnt[19]_i_1/O
                         net (fo=1, routed)           0.000     9.731    div_cnt[19]
    SLICE_X48Y99         FDCE                                         r  div_cnt_reg[19]/D
  -------------------------------------------------------------------    -------------------

                         (clock clk_pin rise edge)  100.000   100.000 r  
    E3                                                0.000   100.000 r  clk_in (IN)
                         net (fo=0)                   0.000   100.000    clk_in
    E3                   IBUF (Prop_ibuf_I_O)         1.411   101.411 r  clk_in_IBUF_inst/O
                         net (fo=1, routed)           1.920   103.331    clk_in_IBUF
    BUFGCTRL_X0Y16       BUFG (Prop_bufg_I_O)         0.091   103.422 r  clk_in_IBUF_BUFG_inst/O
                         net (fo=81, routed)          1.514   104.937    clk_in_IBUF_BUFG
    SLICE_X48Y99         FDCE                                         r  div_cnt_reg[19]/C
                         clock pessimism              0.276   105.213    
                         clock uncertainty           -0.035   105.177    
    SLICE_X48Y99         FDCE (Setup_fdce_C_D)        0.031   105.208    div_cnt_reg[19]
  -------------------------------------------------------------------
                         required time                        105.208    
                         arrival time                          -9.731    
  -------------------------------------------------------------------
                         slack                                 95.478    

Slack (MET) :             95.479ns  (required time - arrival time)
  Source:                 div_cnt_reg[18]/C
                            (rising edge-triggered cell FDCE clocked by clk_pin  {rise@0.000ns fall@50.000ns period=100.000ns})
  Destination:            div_cnt_reg[17]/D
                            (rising edge-triggered cell FDCE clocked by clk_pin  {rise@0.000ns fall@50.000ns period=100.000ns})
  Path Group:             clk_pin
  Path Type:              Setup (Max at Slow Process Corner)
  Requirement:            100.000ns  (clk_pin rise@100.000ns - clk_pin rise@0.000ns)
  Data Path Delay:        4.490ns  (logic 1.211ns (26.970%)  route 3.279ns (73.030%))
  Logic Levels:           5  (LUT2=1 LUT4=1 LUT5=1 LUT6=2)
  Clock Path Skew:        -0.025ns (DCD - SCD + CPR)
    Destination Clock Delay (DCD):    4.937ns = ( 104.937 - 100.000 ) 
    Source Clock Delay      (SCD):    5.238ns
    Clock Pessimism Removal (CPR):    0.276ns
  Clock Uncertainty:      0.035ns  ((TSJ^2 + TIJ^2)^1/2 + DJ) / 2 + PE
    Total System Jitter     (TSJ):    0.071ns
    Total Input Jitter      (TIJ):    0.000ns
    Discrete Jitter          (DJ):    0.000ns
    Phase Error              (PE):    0.000ns

    Location             Delay type                Incr(ns)  Path(ns)    Netlist Resource(s)
  -------------------------------------------------------------------    -------------------
                         (clock clk_pin rise edge)    0.000     0.000 r  
    E3                                                0.000     0.000 r  clk_in (IN)
                         net (fo=0)                   0.000     0.000    clk_in
    E3                   IBUF (Prop_ibuf_I_O)         1.482     1.482 r  clk_in_IBUF_inst/O
                         net (fo=1, routed)           2.025     3.506    clk_in_IBUF
    BUFGCTRL_X0Y16       BUFG (Prop_bufg_I_O)         0.096     3.602 r  clk_in_IBUF_BUFG_inst/O
                         net (fo=81, routed)          1.635     5.238    clk_in_IBUF_BUFG
    SLICE_X48Y98         FDCE                                         r  div_cnt_reg[18]/C
  -------------------------------------------------------------------    -------------------
    SLICE_X48Y98         FDCE (Prop_fdce_C_Q)         0.419     5.657 f  div_cnt_reg[18]/Q
                         net (fo=2, routed)           0.598     6.255    div_cnt_reg_n_0_[18]
    SLICE_X48Y99         LUT4 (Prop_lut4_I1_O)        0.296     6.551 r  div_cnt[25]_i_9/O
                         net (fo=1, routed)           0.416     6.967    div_cnt[25]_i_9_n_0
    SLICE_X48Y98         LUT5 (Prop_lut5_I4_O)        0.124     7.091 r  div_cnt[25]_i_8/O
                         net (fo=1, routed)           0.643     7.734    div_cnt[25]_i_8_n_0
    SLICE_X48Y97         LUT6 (Prop_lut6_I5_O)        0.124     7.858 r  div_cnt[25]_i_4/O
                         net (fo=1, routed)           0.425     8.283    div_cnt[25]_i_4_n_0
    SLICE_X48Y96         LUT6 (Prop_lut6_I0_O)        0.124     8.407 r  div_cnt[25]_i_2/O
                         net (fo=26, routed)          1.197     9.604    div_cnt[25]_i_2_n_0
    SLICE_X48Y99         LUT2 (Prop_lut2_I0_O)        0.124     9.728 r  div_cnt[17]_i_1/O
                         net (fo=1, routed)           0.000     9.728    div_cnt[17]
    SLICE_X48Y99         FDCE                                         r  div_cnt_reg[17]/D
  -------------------------------------------------------------------    -------------------

                         (clock clk_pin rise edge)  100.000   100.000 r  
    E3                                                0.000   100.000 r  clk_in (IN)
                         net (fo=0)                   0.000   100.000    clk_in
    E3                   IBUF (Prop_ibuf_I_O)         1.411   101.411 r  clk_in_IBUF_inst/O
                         net (fo=1, routed)           1.920   103.331    clk_in_IBUF
    BUFGCTRL_X0Y16       BUFG (Prop_bufg_I_O)         0.091   103.422 r  clk_in_IBUF_BUFG_inst/O
                         net (fo=81, routed)          1.514   104.937    clk_in_IBUF_BUFG
    SLICE_X48Y99         FDCE                                         r  div_cnt_reg[17]/C
                         clock pessimism              0.276   105.213    
                         clock uncertainty           -0.035   105.177    
    SLICE_X48Y99         FDCE (Setup_fdce_C_D)        0.029   105.206    div_cnt_reg[17]
  -------------------------------------------------------------------
                         required time                        105.206    
                         arrival time                          -9.728    
  -------------------------------------------------------------------
                         slack                                 95.479    

Slack (MET) :             95.494ns  (required time - arrival time)
  Source:                 div_cnt_reg[18]/C
                            (rising edge-triggered cell FDCE clocked by clk_pin  {rise@0.000ns fall@50.000ns period=100.000ns})
  Destination:            div_cnt_reg[22]/D
                            (rising edge-triggered cell FDCE clocked by clk_pin  {rise@0.000ns fall@50.000ns period=100.000ns})
  Path Group:             clk_pin
  Path Type:              Setup (Max at Slow Process Corner)
  Requirement:            100.000ns  (clk_pin rise@100.000ns - clk_pin rise@0.000ns)
  Data Path Delay:        4.521ns  (logic 1.239ns (27.407%)  route 3.282ns (72.593%))
  Logic Levels:           5  (LUT2=1 LUT4=1 LUT5=1 LUT6=2)
  Clock Path Skew:        -0.025ns (DCD - SCD + CPR)
    Destination Clock Delay (DCD):    4.937ns = ( 104.937 - 100.000 ) 
    Source Clock Delay      (SCD):    5.238ns
    Clock Pessimism Removal (CPR):    0.276ns
  Clock Uncertainty:      0.035ns  ((TSJ^2 + TIJ^2)^1/2 + DJ) / 2 + PE
    Total System Jitter     (TSJ):    0.071ns
    Total Input Jitter      (TIJ):    0.000ns
    Discrete Jitter          (DJ):    0.000ns
    Phase Error              (PE):    0.000ns

    Location             Delay type                Incr(ns)  Path(ns)    Netlist Resource(s)
  -------------------------------------------------------------------    -------------------
                         (clock clk_pin rise edge)    0.000     0.000 r  
    E3                                                0.000     0.000 r  clk_in (IN)
                         net (fo=0)                   0.000     0.000    clk_in
    E3                   IBUF (Prop_ibuf_I_O)         1.482     1.482 r  clk_in_IBUF_inst/O
                         net (fo=1, routed)           2.025     3.506    clk_in_IBUF
    BUFGCTRL_X0Y16       BUFG (Prop_bufg_I_O)         0.096     3.602 r  clk_in_IBUF_BUFG_inst/O
                         net (fo=81, routed)          1.635     5.238    clk_in_IBUF_BUFG
    SLICE_X48Y98         FDCE                                         r  div_cnt_reg[18]/C
  -------------------------------------------------------------------    -------------------
    SLICE_X48Y98         FDCE (Prop_fdce_C_Q)         0.419     5.657 f  div_cnt_reg[18]/Q
                         net (fo=2, routed)           0.598     6.255    div_cnt_reg_n_0_[18]
    SLICE_X48Y99         LUT4 (Prop_lut4_I1_O)        0.296     6.551 r  div_cnt[25]_i_9/O
                         net (fo=1, routed)           0.416     6.967    div_cnt[25]_i_9_n_0
    SLICE_X48Y98         LUT5 (Prop_lut5_I4_O)        0.124     7.091 r  div_cnt[25]_i_8/O
                         net (fo=1, routed)           0.643     7.734    div_cnt[25]_i_8_n_0
    SLICE_X48Y97         LUT6 (Prop_lut6_I5_O)        0.124     7.858 r  div_cnt[25]_i_4/O
                         net (fo=1, routed)           0.425     8.283    div_cnt[25]_i_4_n_0
    SLICE_X48Y96         LUT6 (Prop_lut6_I0_O)        0.124     8.407 r  div_cnt[25]_i_2/O
                         net (fo=26, routed)          1.199     9.607    div_cnt[25]_i_2_n_0
    SLICE_X48Y99         LUT2 (Prop_lut2_I0_O)        0.152     9.759 r  div_cnt[22]_i_1/O
                         net (fo=1, routed)           0.000     9.759    div_cnt[22]
    SLICE_X48Y99         FDCE                                         r  div_cnt_reg[22]/D
  -------------------------------------------------------------------    -------------------

                         (clock clk_pin rise edge)  100.000   100.000 r  
    E3                                                0.000   100.000 r  clk_in (IN)
                         net (fo=0)                   0.000   100.000    clk_in
    E3                   IBUF (Prop_ibuf_I_O)         1.411   101.411 r  clk_in_IBUF_inst/O
                         net (fo=1, routed)           1.920   103.331    clk_in_IBUF
    BUFGCTRL_X0Y16       BUFG (Prop_bufg_I_O)         0.091   103.422 r  clk_in_IBUF_BUFG_inst/O
                         net (fo=81, routed)          1.514   104.937    clk_in_IBUF_BUFG
    SLICE_X48Y99         FDCE                                         r  div_cnt_reg[22]/C
                         clock pessimism              0.276   105.213    
                         clock uncertainty           -0.035   105.177    
    SLICE_X48Y99         FDCE (Setup_fdce_C_D)        0.075   105.252    div_cnt_reg[22]
  -------------------------------------------------------------------
                         required time                        105.252    
                         arrival time                          -9.759    
  -------------------------------------------------------------------
                         slack                                 95.494    





Min Delay Paths
--------------------------------------------------------------------------------------
Slack (MET) :             0.268ns  (arrival time - required time)
  Source:                 seg7/cnt_reg[10]/C
                            (rising edge-triggered cell FDCE clocked by clk_pin  {rise@0.000ns fall@50.000ns period=100.000ns})
  Destination:            seg7/cnt_reg[10]/D
                            (rising edge-triggered cell FDCE clocked by clk_pin  {rise@0.000ns fall@50.000ns period=100.000ns})
  Path Group:             clk_pin
  Path Type:              Hold (Min at Fast Process Corner)
  Requirement:            0.000ns  (clk_pin rise@0.000ns - clk_pin rise@0.000ns)
  Data Path Delay:        0.373ns  (logic 0.252ns (67.478%)  route 0.121ns (32.522%))
  Logic Levels:           1  (CARRY4=1)
  Clock Path Skew:        0.000ns (DCD - SCD - CPR)
    Destination Clock Delay (DCD):    2.041ns
    Source Clock Delay      (SCD):    1.522ns
    Clock Pessimism Removal (CPR):    0.518ns

    Location             Delay type                Incr(ns)  Path(ns)    Netlist Resource(s)
  -------------------------------------------------------------------    -------------------
                         (clock clk_pin rise edge)    0.000     0.000 r  
    E3                                                0.000     0.000 r  clk_in (IN)
                         net (fo=0)                   0.000     0.000    clk_in
    E3                   IBUF (Prop_ibuf_I_O)         0.250     0.250 r  clk_in_IBUF_inst/O
                         net (fo=1, routed)           0.644     0.894    clk_in_IBUF
    BUFGCTRL_X0Y16       BUFG (Prop_bufg_I_O)         0.026     0.920 r  clk_in_IBUF_BUFG_inst/O
                         net (fo=81, routed)          0.603     1.522    seg7/clk_in_IBUF_BUFG
    SLICE_X0Y58          FDCE                                         r  seg7/cnt_reg[10]/C
  -------------------------------------------------------------------    -------------------
    SLICE_X0Y58          FDCE (Prop_fdce_C_Q)         0.141     1.663 r  seg7/cnt_reg[10]/Q
                         net (fo=1, routed)           0.121     1.785    seg7/cnt_reg_n_0_[10]
    SLICE_X0Y58          CARRY4 (Prop_carry4_S[2]_O[2])
                                                      0.111     1.896 r  seg7/cnt_reg[8]_i_1/O[2]
                         net (fo=1, routed)           0.000     1.896    seg7/cnt_reg[8]_i_1_n_5
    SLICE_X0Y58          FDCE                                         r  seg7/cnt_reg[10]/D
  -------------------------------------------------------------------    -------------------

                         (clock clk_pin rise edge)    0.000     0.000 r  
    E3                                                0.000     0.000 r  clk_in (IN)
                         net (fo=0)                   0.000     0.000    clk_in
    E3                   IBUF (Prop_ibuf_I_O)         0.438     0.438 r  clk_in_IBUF_inst/O
                         net (fo=1, routed)           0.699     1.136    clk_in_IBUF
    BUFGCTRL_X0Y16       BUFG (Prop_bufg_I_O)         0.029     1.165 r  clk_in_IBUF_BUFG_inst/O
                         net (fo=81, routed)          0.876     2.041    seg7/clk_in_IBUF_BUFG
    SLICE_X0Y58          FDCE                                         r  seg7/cnt_reg[10]/C
                         clock pessimism             -0.518     1.522    
    SLICE_X0Y58          FDCE (Hold_fdce_C_D)         0.105     1.627    seg7/cnt_reg[10]
  -------------------------------------------------------------------
                         required time                         -1.627    
                         arrival time                           1.896    
  -------------------------------------------------------------------
                         slack                                  0.268    

Slack (MET) :             0.268ns  (arrival time - required time)
  Source:                 seg7/cnt_reg[6]/C
                            (rising edge-triggered cell FDCE clocked by clk_pin  {rise@0.000ns fall@50.000ns period=100.000ns})
  Destination:            seg7/cnt_reg[6]/D
                            (rising edge-triggered cell FDCE clocked by clk_pin  {rise@0.000ns fall@50.000ns period=100.000ns})
  Path Group:             clk_pin
  Path Type:              Hold (Min at Fast Process Corner)
  Requirement:            0.000ns  (clk_pin rise@0.000ns - clk_pin rise@0.000ns)
  Data Path Delay:        0.373ns  (logic 0.252ns (67.478%)  route 0.121ns (32.522%))
  Logic Levels:           1  (CARRY4=1)
  Clock Path Skew:        0.000ns (DCD - SCD - CPR)
    Destination Clock Delay (DCD):    2.041ns
    Source Clock Delay      (SCD):    1.522ns
    Clock Pessimism Removal (CPR):    0.518ns

    Location             Delay type                Incr(ns)  Path(ns)    Netlist Resource(s)
  -------------------------------------------------------------------    -------------------
                         (clock clk_pin rise edge)    0.000     0.000 r  
    E3                                                0.000     0.000 r  clk_in (IN)
                         net (fo=0)                   0.000     0.000    clk_in
    E3                   IBUF (Prop_ibuf_I_O)         0.250     0.250 r  clk_in_IBUF_inst/O
                         net (fo=1, routed)           0.644     0.894    clk_in_IBUF
    BUFGCTRL_X0Y16       BUFG (Prop_bufg_I_O)         0.026     0.920 r  clk_in_IBUF_BUFG_inst/O
                         net (fo=81, routed)          0.603     1.522    seg7/clk_in_IBUF_BUFG
    SLICE_X0Y57          FDCE                                         r  seg7/cnt_reg[6]/C
  -------------------------------------------------------------------    -------------------
    SLICE_X0Y57          FDCE (Prop_fdce_C_Q)         0.141     1.663 r  seg7/cnt_reg[6]/Q
                         net (fo=1, routed)           0.121     1.785    seg7/cnt_reg_n_0_[6]
    SLICE_X0Y57          CARRY4 (Prop_carry4_S[2]_O[2])
                                                      0.111     1.896 r  seg7/cnt_reg[4]_i_1/O[2]
                         net (fo=1, routed)           0.000     1.896    seg7/cnt_reg[4]_i_1_n_5
    SLICE_X0Y57          FDCE                                         r  seg7/cnt_reg[6]/D
  -------------------------------------------------------------------    -------------------

                         (clock clk_pin rise edge)    0.000     0.000 r  
    E3                                                0.000     0.000 r  clk_in (IN)
                         net (fo=0)                   0.000     0.000    clk_in
    E3                   IBUF (Prop_ibuf_I_O)         0.438     0.438 r  clk_in_IBUF_inst/O
                         net (fo=1, routed)           0.699     1.136    clk_in_IBUF
    BUFGCTRL_X0Y16       BUFG (Prop_bufg_I_O)         0.029     1.165 r  clk_in_IBUF_BUFG_inst/O
                         net (fo=81, routed)          0.876     2.041    seg7/clk_in_IBUF_BUFG
    SLICE_X0Y57          FDCE                                         r  seg7/cnt_reg[6]/C
                         clock pessimism             -0.518     1.522    
    SLICE_X0Y57          FDCE (Hold_fdce_C_D)         0.105     1.627    seg7/cnt_reg[6]
  -------------------------------------------------------------------
                         required time                         -1.627    
                         arrival time                           1.896    
  -------------------------------------------------------------------
                         slack                                  0.268    

Slack (MET) :             0.280ns  (arrival time - required time)
  Source:                 cpu_clk_reg/C
                            (rising edge-triggered cell FDCE clocked by clk_pin  {rise@0.000ns fall@50.000ns period=100.000ns})
  Destination:            cpu_clk_reg/D
                            (rising edge-triggered cell FDCE clocked by clk_pin  {rise@0.000ns fall@50.000ns period=100.000ns})
  Path Group:             clk_pin
  Path Type:              Hold (Min at Fast Process Corner)
  Requirement:            0.000ns  (clk_pin rise@0.000ns - clk_pin rise@0.000ns)
  Data Path Delay:        0.371ns  (logic 0.186ns (50.162%)  route 0.185ns (49.838%))
  Logic Levels:           1  (LUT2=1)
  Clock Path Skew:        0.000ns (DCD - SCD - CPR)
    Destination Clock Delay (DCD):    2.002ns
    Source Clock Delay      (SCD):    1.485ns
    Clock Pessimism Removal (CPR):    0.516ns

    Location             Delay type                Incr(ns)  Path(ns)    Netlist Resource(s)
  -------------------------------------------------------------------    -------------------
                         (clock clk_pin rise edge)    0.000     0.000 r  
    E3                                                0.000     0.000 r  clk_in (IN)
                         net (fo=0)                   0.000     0.000    clk_in
    E3                   IBUF (Prop_ibuf_I_O)         0.250     0.250 r  clk_in_IBUF_inst/O
                         net (fo=1, routed)           0.644     0.894    clk_in_IBUF
    BUFGCTRL_X0Y16       BUFG (Prop_bufg_I_O)         0.026     0.920 r  clk_in_IBUF_BUFG_inst/O
                         net (fo=81, routed)          0.566     1.485    clk_in_IBUF_BUFG
    SLICE_X48Y96         FDCE                                         r  cpu_clk_reg/C
  -------------------------------------------------------------------    -------------------
    SLICE_X48Y96         FDCE (Prop_fdce_C_Q)         0.141     1.626 r  cpu_clk_reg/Q
                         net (fo=2, routed)           0.185     1.811    cpu_clk_reg_n_0_BUFG_inst_n_0
    SLICE_X48Y96         LUT2 (Prop_lut2_I1_O)        0.045     1.856 r  cpu_clk_i_1/O
                         net (fo=1, routed)           0.000     1.856    cpu_clk_i_1_n_0
    SLICE_X48Y96         FDCE                                         r  cpu_clk_reg/D
  -------------------------------------------------------------------    -------------------

                         (clock clk_pin rise edge)    0.000     0.000 r  
    E3                                                0.000     0.000 r  clk_in (IN)
                         net (fo=0)                   0.000     0.000    clk_in
    E3                   IBUF (Prop_ibuf_I_O)         0.438     0.438 r  clk_in_IBUF_inst/O
                         net (fo=1, routed)           0.699     1.136    clk_in_IBUF
    BUFGCTRL_X0Y16       BUFG (Prop_bufg_I_O)         0.029     1.165 r  clk_in_IBUF_BUFG_inst/O
                         net (fo=81, routed)          0.837     2.002    clk_in_IBUF_BUFG
    SLICE_X48Y96         FDCE                                         r  cpu_clk_reg/C
                         clock pessimism             -0.516     1.485    
    SLICE_X48Y96         FDCE (Hold_fdce_C_D)         0.091     1.576    cpu_clk_reg
  -------------------------------------------------------------------
                         required time                         -1.576    
                         arrival time                           1.856    
  -------------------------------------------------------------------
                         slack                                  0.280    

Slack (MET) :             0.281ns  (arrival time - required time)
  Source:                 seg7/cnt_reg[14]/C
                            (rising edge-triggered cell FDCE clocked by clk_pin  {rise@0.000ns fall@50.000ns period=100.000ns})
  Destination:            seg7/cnt_reg[14]/D
                            (rising edge-triggered cell FDCE clocked by clk_pin  {rise@0.000ns fall@50.000ns period=100.000ns})
  Path Group:             clk_pin
  Path Type:              Hold (Min at Fast Process Corner)
  Requirement:            0.000ns  (clk_pin rise@0.000ns - clk_pin rise@0.000ns)
  Data Path Delay:        0.386ns  (logic 0.252ns (65.343%)  route 0.134ns (34.657%))
  Logic Levels:           1  (CARRY4=1)
  Clock Path Skew:        0.000ns (DCD - SCD - CPR)
    Destination Clock Delay (DCD):    2.041ns
    Source Clock Delay      (SCD):    1.522ns
    Clock Pessimism Removal (CPR):    0.518ns

    Location             Delay type                Incr(ns)  Path(ns)    Netlist Resource(s)
  -------------------------------------------------------------------    -------------------
                         (clock clk_pin rise edge)    0.000     0.000 r  
    E3                                                0.000     0.000 r  clk_in (IN)
                         net (fo=0)                   0.000     0.000    clk_in
    E3                   IBUF (Prop_ibuf_I_O)         0.250     0.250 r  clk_in_IBUF_inst/O
                         net (fo=1, routed)           0.644     0.894    clk_in_IBUF
    BUFGCTRL_X0Y16       BUFG (Prop_bufg_I_O)         0.026     0.920 r  clk_in_IBUF_BUFG_inst/O
                         net (fo=81, routed)          0.603     1.522    seg7/clk_in_IBUF_BUFG
    SLICE_X0Y59          FDCE                                         r  seg7/cnt_reg[14]/C
  -------------------------------------------------------------------    -------------------
    SLICE_X0Y59          FDCE (Prop_fdce_C_Q)         0.141     1.663 r  seg7/cnt_reg[14]/Q
                         net (fo=4, routed)           0.134     1.797    seg7/seg7_clk
    SLICE_X0Y59          CARRY4 (Prop_carry4_S[2]_O[2])
                                                      0.111     1.908 r  seg7/cnt_reg[12]_i_1/O[2]
                         net (fo=1, routed)           0.000     1.908    seg7/cnt_reg[12]_i_1_n_5
    SLICE_X0Y59          FDCE                                         r  seg7/cnt_reg[14]/D
  -------------------------------------------------------------------    -------------------

                         (clock clk_pin rise edge)    0.000     0.000 r  
    E3                                                0.000     0.000 r  clk_in (IN)
                         net (fo=0)                   0.000     0.000    clk_in
    E3                   IBUF (Prop_ibuf_I_O)         0.438     0.438 r  clk_in_IBUF_inst/O
                         net (fo=1, routed)           0.699     1.136    clk_in_IBUF
    BUFGCTRL_X0Y16       BUFG (Prop_bufg_I_O)         0.029     1.165 r  clk_in_IBUF_BUFG_inst/O
                         net (fo=81, routed)          0.876     2.041    seg7/clk_in_IBUF_BUFG
    SLICE_X0Y59          FDCE                                         r  seg7/cnt_reg[14]/C
                         clock pessimism             -0.518     1.522    
    SLICE_X0Y59          FDCE (Hold_fdce_C_D)         0.105     1.627    seg7/cnt_reg[14]
  -------------------------------------------------------------------
                         required time                         -1.627    
                         arrival time                           1.908    
  -------------------------------------------------------------------
                         slack                                  0.281    

Slack (MET) :             0.301ns  (arrival time - required time)
  Source:                 seg7/cnt_reg[10]/C
                            (rising edge-triggered cell FDCE clocked by clk_pin  {rise@0.000ns fall@50.000ns period=100.000ns})
  Destination:            seg7/cnt_reg[11]/D
                            (rising edge-triggered cell FDCE clocked by clk_pin  {rise@0.000ns fall@50.000ns period=100.000ns})
  Path Group:             clk_pin
  Path Type:              Hold (Min at Fast Process Corner)
  Requirement:            0.000ns  (clk_pin rise@0.000ns - clk_pin rise@0.000ns)
  Data Path Delay:        0.406ns  (logic 0.285ns (70.118%)  route 0.121ns (29.882%))
  Logic Levels:           1  (CARRY4=1)
  Clock Path Skew:        0.000ns (DCD - SCD - CPR)
    Destination Clock Delay (DCD):    2.041ns
    Source Clock Delay      (SCD):    1.522ns
    Clock Pessimism Removal (CPR):    0.518ns

    Location             Delay type                Incr(ns)  Path(ns)    Netlist Resource(s)
  -------------------------------------------------------------------    -------------------
                         (clock clk_pin rise edge)    0.000     0.000 r  
    E3                                                0.000     0.000 r  clk_in (IN)
                         net (fo=0)                   0.000     0.000    clk_in
    E3                   IBUF (Prop_ibuf_I_O)         0.250     0.250 r  clk_in_IBUF_inst/O
                         net (fo=1, routed)           0.644     0.894    clk_in_IBUF
    BUFGCTRL_X0Y16       BUFG (Prop_bufg_I_O)         0.026     0.920 r  clk_in_IBUF_BUFG_inst/O
                         net (fo=81, routed)          0.603     1.522    seg7/clk_in_IBUF_BUFG
    SLICE_X0Y58          FDCE                                         r  seg7/cnt_reg[10]/C
  -------------------------------------------------------------------    -------------------
    SLICE_X0Y58          FDCE (Prop_fdce_C_Q)         0.141     1.663 r  seg7/cnt_reg[10]/Q
                         net (fo=1, routed)           0.121     1.785    seg7/cnt_reg_n_0_[10]
    SLICE_X0Y58          CARRY4 (Prop_carry4_S[2]_O[3])
                                                      0.144     1.929 r  seg7/cnt_reg[8]_i_1/O[3]
                         net (fo=1, routed)           0.000     1.929    seg7/cnt_reg[8]_i_1_n_4
    SLICE_X0Y58          FDCE                                         r  seg7/cnt_reg[11]/D
  -------------------------------------------------------------------    -------------------

                         (clock clk_pin rise edge)    0.000     0.000 r  
    E3                                                0.000     0.000 r  clk_in (IN)
                         net (fo=0)                   0.000     0.000    clk_in
    E3                   IBUF (Prop_ibuf_I_O)         0.438     0.438 r  clk_in_IBUF_inst/O
                         net (fo=1, routed)           0.699     1.136    clk_in_IBUF
    BUFGCTRL_X0Y16       BUFG (Prop_bufg_I_O)         0.029     1.165 r  clk_in_IBUF_BUFG_inst/O
                         net (fo=81, routed)          0.876     2.041    seg7/clk_in_IBUF_BUFG
    SLICE_X0Y58          FDCE                                         r  seg7/cnt_reg[11]/C
                         clock pessimism             -0.518     1.522    
    SLICE_X0Y58          FDCE (Hold_fdce_C_D)         0.105     1.627    seg7/cnt_reg[11]
  -------------------------------------------------------------------
                         required time                         -1.627    
                         arrival time                           1.929    
  -------------------------------------------------------------------
                         slack                                  0.301    

Slack (MET) :             0.301ns  (arrival time - required time)
  Source:                 seg7/cnt_reg[6]/C
                            (rising edge-triggered cell FDCE clocked by clk_pin  {rise@0.000ns fall@50.000ns period=100.000ns})
  Destination:            seg7/cnt_reg[7]/D
                            (rising edge-triggered cell FDCE clocked by clk_pin  {rise@0.000ns fall@50.000ns period=100.000ns})
  Path Group:             clk_pin
  Path Type:              Hold (Min at Fast Process Corner)
  Requirement:            0.000ns  (clk_pin rise@0.000ns - clk_pin rise@0.000ns)
  Data Path Delay:        0.406ns  (logic 0.285ns (70.118%)  route 0.121ns (29.882%))
  Logic Levels:           1  (CARRY4=1)
  Clock Path Skew:        0.000ns (DCD - SCD - CPR)
    Destination Clock Delay (DCD):    2.041ns
    Source Clock Delay      (SCD):    1.522ns
    Clock Pessimism Removal (CPR):    0.518ns

    Location             Delay type                Incr(ns)  Path(ns)    Netlist Resource(s)
  -------------------------------------------------------------------    -------------------
                         (clock clk_pin rise edge)    0.000     0.000 r  
    E3                                                0.000     0.000 r  clk_in (IN)
                         net (fo=0)                   0.000     0.000    clk_in
    E3                   IBUF (Prop_ibuf_I_O)         0.250     0.250 r  clk_in_IBUF_inst/O
                         net (fo=1, routed)           0.644     0.894    clk_in_IBUF
    BUFGCTRL_X0Y16       BUFG (Prop_bufg_I_O)         0.026     0.920 r  clk_in_IBUF_BUFG_inst/O
                         net (fo=81, routed)          0.603     1.522    seg7/clk_in_IBUF_BUFG
    SLICE_X0Y57          FDCE                                         r  seg7/cnt_reg[6]/C
  -------------------------------------------------------------------    -------------------
    SLICE_X0Y57          FDCE (Prop_fdce_C_Q)         0.141     1.663 r  seg7/cnt_reg[6]/Q
                         net (fo=1, routed)           0.121     1.785    seg7/cnt_reg_n_0_[6]
    SLICE_X0Y57          CARRY4 (Prop_carry4_S[2]_O[3])
                                                      0.144     1.929 r  seg7/cnt_reg[4]_i_1/O[3]
                         net (fo=1, routed)           0.000     1.929    seg7/cnt_reg[4]_i_1_n_4
    SLICE_X0Y57          FDCE                                         r  seg7/cnt_reg[7]/D
  -------------------------------------------------------------------    -------------------

                         (clock clk_pin rise edge)    0.000     0.000 r  
    E3                                                0.000     0.000 r  clk_in (IN)
                         net (fo=0)                   0.000     0.000    clk_in
    E3                   IBUF (Prop_ibuf_I_O)         0.438     0.438 r  clk_in_IBUF_inst/O
                         net (fo=1, routed)           0.699     1.136    clk_in_IBUF
    BUFGCTRL_X0Y16       BUFG (Prop_bufg_I_O)         0.029     1.165 r  clk_in_IBUF_BUFG_inst/O
                         net (fo=81, routed)          0.876     2.041    seg7/clk_in_IBUF_BUFG
    SLICE_X0Y57          FDCE                                         r  seg7/cnt_reg[7]/C
                         clock pessimism             -0.518     1.522    
    SLICE_X0Y57          FDCE (Hold_fdce_C_D)         0.105     1.627    seg7/cnt_reg[7]
  -------------------------------------------------------------------
                         required time                         -1.627    
                         arrival time                           1.929    
  -------------------------------------------------------------------
                         slack                                  0.301    

Slack (MET) :             0.324ns  (arrival time - required time)
  Source:                 seg7/cnt_reg[0]/C
                            (rising edge-triggered cell FDCE clocked by clk_pin  {rise@0.000ns fall@50.000ns period=100.000ns})
  Destination:            seg7/cnt_reg[0]/D
                            (rising edge-triggered cell FDCE clocked by clk_pin  {rise@0.000ns fall@50.000ns period=100.000ns})
  Path Group:             clk_pin
  Path Type:              Hold (Min at Fast Process Corner)
  Requirement:            0.000ns  (clk_pin rise@0.000ns - clk_pin rise@0.000ns)
  Data Path Delay:        0.429ns  (logic 0.256ns (59.730%)  route 0.173ns (40.270%))
  Logic Levels:           2  (CARRY4=1 LUT1=1)
  Clock Path Skew:        0.000ns (DCD - SCD - CPR)
    Destination Clock Delay (DCD):    2.042ns
    Source Clock Delay      (SCD):    1.523ns
    Clock Pessimism Removal (CPR):    0.518ns

    Location             Delay type                Incr(ns)  Path(ns)    Netlist Resource(s)
  -------------------------------------------------------------------    -------------------
                         (clock clk_pin rise edge)    0.000     0.000 r  
    E3                                                0.000     0.000 r  clk_in (IN)
                         net (fo=0)                   0.000     0.000    clk_in
    E3                   IBUF (Prop_ibuf_I_O)         0.250     0.250 r  clk_in_IBUF_inst/O
                         net (fo=1, routed)           0.644     0.894    clk_in_IBUF
    BUFGCTRL_X0Y16       BUFG (Prop_bufg_I_O)         0.026     0.920 r  clk_in_IBUF_BUFG_inst/O
                         net (fo=81, routed)          0.604     1.523    seg7/clk_in_IBUF_BUFG
    SLICE_X0Y56          FDCE                                         r  seg7/cnt_reg[0]/C
  -------------------------------------------------------------------    -------------------
    SLICE_X0Y56          FDCE (Prop_fdce_C_Q)         0.141     1.664 f  seg7/cnt_reg[0]/Q
                         net (fo=1, routed)           0.173     1.837    seg7/cnt_reg_n_0_[0]
    SLICE_X0Y56          LUT1 (Prop_lut1_I0_O)        0.045     1.882 r  seg7/cnt[0]_i_5/O
                         net (fo=1, routed)           0.000     1.882    seg7/cnt[0]_i_5_n_0
    SLICE_X0Y56          CARRY4 (Prop_carry4_S[0]_O[0])
                                                      0.070     1.952 r  seg7/cnt_reg[0]_i_1/O[0]
                         net (fo=1, routed)           0.000     1.952    seg7/cnt_reg[0]_i_1_n_7
    SLICE_X0Y56          FDCE                                         r  seg7/cnt_reg[0]/D
  -------------------------------------------------------------------    -------------------

                         (clock clk_pin rise edge)    0.000     0.000 r  
    E3                                                0.000     0.000 r  clk_in (IN)
                         net (fo=0)                   0.000     0.000    clk_in
    E3                   IBUF (Prop_ibuf_I_O)         0.438     0.438 r  clk_in_IBUF_inst/O
                         net (fo=1, routed)           0.699     1.136    clk_in_IBUF
    BUFGCTRL_X0Y16       BUFG (Prop_bufg_I_O)         0.029     1.165 r  clk_in_IBUF_BUFG_inst/O
                         net (fo=81, routed)          0.877     2.042    seg7/clk_in_IBUF_BUFG
    SLICE_X0Y56          FDCE                                         r  seg7/cnt_reg[0]/C
                         clock pessimism             -0.518     1.523    
    SLICE_X0Y56          FDCE (Hold_fdce_C_D)         0.105     1.628    seg7/cnt_reg[0]
  -------------------------------------------------------------------
                         required time                         -1.628    
                         arrival time                           1.952    
  -------------------------------------------------------------------
                         slack                                  0.324    

Slack (MET) :             0.326ns  (arrival time - required time)
  Source:                 seg7/cnt_reg[13]/C
                            (rising edge-triggered cell FDCE clocked by clk_pin  {rise@0.000ns fall@50.000ns period=100.000ns})
  Destination:            seg7/cnt_reg[13]/D
                            (rising edge-triggered cell FDCE clocked by clk_pin  {rise@0.000ns fall@50.000ns period=100.000ns})
  Path Group:             clk_pin
  Path Type:              Hold (Min at Fast Process Corner)
  Requirement:            0.000ns  (clk_pin rise@0.000ns - clk_pin rise@0.000ns)
  Data Path Delay:        0.431ns  (logic 0.251ns (58.256%)  route 0.180ns (41.744%))
  Logic Levels:           1  (CARRY4=1)
  Clock Path Skew:        0.000ns (DCD - SCD - CPR)
    Destination Clock Delay (DCD):    2.041ns
    Source Clock Delay      (SCD):    1.522ns
    Clock Pessimism Removal (CPR):    0.518ns

    Location             Delay type                Incr(ns)  Path(ns)    Netlist Resource(s)
  -------------------------------------------------------------------    -------------------
                         (clock clk_pin rise edge)    0.000     0.000 r  
    E3                                                0.000     0.000 r  clk_in (IN)
                         net (fo=0)                   0.000     0.000    clk_in
    E3                   IBUF (Prop_ibuf_I_O)         0.250     0.250 r  clk_in_IBUF_inst/O
                         net (fo=1, routed)           0.644     0.894    clk_in_IBUF
    BUFGCTRL_X0Y16       BUFG (Prop_bufg_I_O)         0.026     0.920 r  clk_in_IBUF_BUFG_inst/O
                         net (fo=81, routed)          0.603     1.522    seg7/clk_in_IBUF_BUFG
    SLICE_X0Y59          FDCE                                         r  seg7/cnt_reg[13]/C
  -------------------------------------------------------------------    -------------------
    SLICE_X0Y59          FDCE (Prop_fdce_C_Q)         0.141     1.663 r  seg7/cnt_reg[13]/Q
                         net (fo=1, routed)           0.180     1.843    seg7/cnt_reg_n_0_[13]
    SLICE_X0Y59          CARRY4 (Prop_carry4_S[1]_O[1])
                                                      0.110     1.953 r  seg7/cnt_reg[12]_i_1/O[1]
                         net (fo=1, routed)           0.000     1.953    seg7/cnt_reg[12]_i_1_n_6
    SLICE_X0Y59          FDCE                                         r  seg7/cnt_reg[13]/D
  -------------------------------------------------------------------    -------------------

                         (clock clk_pin rise edge)    0.000     0.000 r  
    E3                                                0.000     0.000 r  clk_in (IN)
                         net (fo=0)                   0.000     0.000    clk_in
    E3                   IBUF (Prop_ibuf_I_O)         0.438     0.438 r  clk_in_IBUF_inst/O
                         net (fo=1, routed)           0.699     1.136    clk_in_IBUF
    BUFGCTRL_X0Y16       BUFG (Prop_bufg_I_O)         0.029     1.165 r  clk_in_IBUF_BUFG_inst/O
                         net (fo=81, routed)          0.876     2.041    seg7/clk_in_IBUF_BUFG
    SLICE_X0Y59          FDCE                                         r  seg7/cnt_reg[13]/C
                         clock pessimism             -0.518     1.522    
    SLICE_X0Y59          FDCE (Hold_fdce_C_D)         0.105     1.627    seg7/cnt_reg[13]
  -------------------------------------------------------------------
                         required time                         -1.627    
                         arrival time                           1.953    
  -------------------------------------------------------------------
                         slack                                  0.326    

Slack (MET) :             0.326ns  (arrival time - required time)
  Source:                 seg7/cnt_reg[1]/C
                            (rising edge-triggered cell FDCE clocked by clk_pin  {rise@0.000ns fall@50.000ns period=100.000ns})
  Destination:            seg7/cnt_reg[1]/D
                            (rising edge-triggered cell FDCE clocked by clk_pin  {rise@0.000ns fall@50.000ns period=100.000ns})
  Path Group:             clk_pin
  Path Type:              Hold (Min at Fast Process Corner)
  Requirement:            0.000ns  (clk_pin rise@0.000ns - clk_pin rise@0.000ns)
  Data Path Delay:        0.431ns  (logic 0.251ns (58.256%)  route 0.180ns (41.744%))
  Logic Levels:           1  (CARRY4=1)
  Clock Path Skew:        0.000ns (DCD - SCD - CPR)
    Destination Clock Delay (DCD):    2.042ns
    Source Clock Delay      (SCD):    1.523ns
    Clock Pessimism Removal (CPR):    0.518ns

    Location             Delay type                Incr(ns)  Path(ns)    Netlist Resource(s)
  -------------------------------------------------------------------    -------------------
                         (clock clk_pin rise edge)    0.000     0.000 r  
    E3                                                0.000     0.000 r  clk_in (IN)
                         net (fo=0)                   0.000     0.000    clk_in
    E3                   IBUF (Prop_ibuf_I_O)         0.250     0.250 r  clk_in_IBUF_inst/O
                         net (fo=1, routed)           0.644     0.894    clk_in_IBUF
    BUFGCTRL_X0Y16       BUFG (Prop_bufg_I_O)         0.026     0.920 r  clk_in_IBUF_BUFG_inst/O
                         net (fo=81, routed)          0.604     1.523    seg7/clk_in_IBUF_BUFG
    SLICE_X0Y56          FDCE                                         r  seg7/cnt_reg[1]/C
  -------------------------------------------------------------------    -------------------
    SLICE_X0Y56          FDCE (Prop_fdce_C_Q)         0.141     1.664 r  seg7/cnt_reg[1]/Q
                         net (fo=1, routed)           0.180     1.844    seg7/cnt_reg_n_0_[1]
    SLICE_X0Y56          CARRY4 (Prop_carry4_S[1]_O[1])
                                                      0.110     1.954 r  seg7/cnt_reg[0]_i_1/O[1]
                         net (fo=1, routed)           0.000     1.954    seg7/cnt_reg[0]_i_1_n_6
    SLICE_X0Y56          FDCE                                         r  seg7/cnt_reg[1]/D
  -------------------------------------------------------------------    -------------------

                         (clock clk_pin rise edge)    0.000     0.000 r  
    E3                                                0.000     0.000 r  clk_in (IN)
                         net (fo=0)                   0.000     0.000    clk_in
    E3                   IBUF (Prop_ibuf_I_O)         0.438     0.438 r  clk_in_IBUF_inst/O
                         net (fo=1, routed)           0.699     1.136    clk_in_IBUF
    BUFGCTRL_X0Y16       BUFG (Prop_bufg_I_O)         0.029     1.165 r  clk_in_IBUF_BUFG_inst/O
                         net (fo=81, routed)          0.877     2.042    seg7/clk_in_IBUF_BUFG
    SLICE_X0Y56          FDCE                                         r  seg7/cnt_reg[1]/C
                         clock pessimism             -0.518     1.523    
    SLICE_X0Y56          FDCE (Hold_fdce_C_D)         0.105     1.628    seg7/cnt_reg[1]
  -------------------------------------------------------------------
                         required time                         -1.628    
                         arrival time                           1.954    
  -------------------------------------------------------------------
                         slack                                  0.326    

Slack (MET) :             0.326ns  (arrival time - required time)
  Source:                 seg7/cnt_reg[5]/C
                            (rising edge-triggered cell FDCE clocked by clk_pin  {rise@0.000ns fall@50.000ns period=100.000ns})
  Destination:            seg7/cnt_reg[5]/D
                            (rising edge-triggered cell FDCE clocked by clk_pin  {rise@0.000ns fall@50.000ns period=100.000ns})
  Path Group:             clk_pin
  Path Type:              Hold (Min at Fast Process Corner)
  Requirement:            0.000ns  (clk_pin rise@0.000ns - clk_pin rise@0.000ns)
  Data Path Delay:        0.431ns  (logic 0.251ns (58.256%)  route 0.180ns (41.744%))
  Logic Levels:           1  (CARRY4=1)
  Clock Path Skew:        0.000ns (DCD - SCD - CPR)
    Destination Clock Delay (DCD):    2.041ns
    Source Clock Delay      (SCD):    1.522ns
    Clock Pessimism Removal (CPR):    0.518ns

    Location             Delay type                Incr(ns)  Path(ns)    Netlist Resource(s)
  -------------------------------------------------------------------    -------------------
                         (clock clk_pin rise edge)    0.000     0.000 r  
    E3                                                0.000     0.000 r  clk_in (IN)
                         net (fo=0)                   0.000     0.000    clk_in
    E3                   IBUF (Prop_ibuf_I_O)         0.250     0.250 r  clk_in_IBUF_inst/O
                         net (fo=1, routed)           0.644     0.894    clk_in_IBUF
    BUFGCTRL_X0Y16       BUFG (Prop_bufg_I_O)         0.026     0.920 r  clk_in_IBUF_BUFG_inst/O
                         net (fo=81, routed)          0.603     1.522    seg7/clk_in_IBUF_BUFG
    SLICE_X0Y57          FDCE                                         r  seg7/cnt_reg[5]/C
  -------------------------------------------------------------------    -------------------
    SLICE_X0Y57          FDCE (Prop_fdce_C_Q)         0.141     1.663 r  seg7/cnt_reg[5]/Q
                         net (fo=1, routed)           0.180     1.843    seg7/cnt_reg_n_0_[5]
    SLICE_X0Y57          CARRY4 (Prop_carry4_S[1]_O[1])
                                                      0.110     1.953 r  seg7/cnt_reg[4]_i_1/O[1]
                         net (fo=1, routed)           0.000     1.953    seg7/cnt_reg[4]_i_1_n_6
    SLICE_X0Y57          FDCE                                         r  seg7/cnt_reg[5]/D
  -------------------------------------------------------------------    -------------------

                         (clock clk_pin rise edge)    0.000     0.000 r  
    E3                                                0.000     0.000 r  clk_in (IN)
                         net (fo=0)                   0.000     0.000    clk_in
    E3                   IBUF (Prop_ibuf_I_O)         0.438     0.438 r  clk_in_IBUF_inst/O
                         net (fo=1, routed)           0.699     1.136    clk_in_IBUF
    BUFGCTRL_X0Y16       BUFG (Prop_bufg_I_O)         0.029     1.165 r  clk_in_IBUF_BUFG_inst/O
                         net (fo=81, routed)          0.876     2.041    seg7/clk_in_IBUF_BUFG
    SLICE_X0Y57          FDCE                                         r  seg7/cnt_reg[5]/C
                         clock pessimism             -0.518     1.522    
    SLICE_X0Y57          FDCE (Hold_fdce_C_D)         0.105     1.627    seg7/cnt_reg[5]
  -------------------------------------------------------------------
                         required time                         -1.627    
                         arrival time                           1.953    
  -------------------------------------------------------------------
                         slack                                  0.326    





Pulse Width Checks
--------------------------------------------------------------------------------------
Clock Name:         clk_pin
Waveform(ns):       { 0.000 50.000 }
Period(ns):         100.000
Sources:            { clk_in }

Check Type        Corner  Lib Pin  Reference Pin  Required(ns)  Actual(ns)  Slack(ns)  Location        Pin
Min Period        n/a     BUFG/I   n/a            2.155         100.000     97.845     BUFGCTRL_X0Y16  clk_in_IBUF_BUFG_inst/I
Min Period        n/a     FDCE/C   n/a            1.000         100.000     99.000     SLICE_X48Y96    cpu_clk_reg/C
Min Period        n/a     FDCE/C   n/a            1.000         100.000     99.000     SLICE_X48Y95    div_cnt_reg[0]/C
Min Period        n/a     FDCE/C   n/a            1.000         100.000     99.000     SLICE_X50Y97    div_cnt_reg[10]/C
Min Period        n/a     FDCE/C   n/a            1.000         100.000     99.000     SLICE_X48Y97    div_cnt_reg[11]/C
Min Period        n/a     FDCE/C   n/a            1.000         100.000     99.000     SLICE_X48Y97    div_cnt_reg[12]/C
Min Period        n/a     FDCE/C   n/a            1.000         100.000     99.000     SLICE_X50Y97    div_cnt_reg[13]/C
Min Period        n/a     FDCE/C   n/a            1.000         100.000     99.000     SLICE_X48Y98    div_cnt_reg[14]/C
Min Period        n/a     FDCE/C   n/a            1.000         100.000     99.000     SLICE_X48Y98    div_cnt_reg[15]/C
Min Period        n/a     FDCE/C   n/a            1.000         100.000     99.000     SLICE_X48Y98    div_cnt_reg[16]/C
Low Pulse Width   Fast    FDCE/C   n/a            0.500         50.000      49.500     SLICE_X48Y96    cpu_clk_reg/C
Low Pulse Width   Fast    FDCE/C   n/a            0.500         50.000      49.500     SLICE_X48Y95    div_cnt_reg[0]/C
Low Pulse Width   Fast    FDCE/C   n/a            0.500         50.000      49.500     SLICE_X50Y97    div_cnt_reg[10]/C
Low Pulse Width   Fast    FDCE/C   n/a            0.500         50.000      49.500     SLICE_X50Y97    div_cnt_reg[13]/C
Low Pulse Width   Fast    FDCE/C   n/a            0.500         50.000      49.500     SLICE_X48Y96    div_cnt_reg[1]/C
Low Pulse Width   Fast    FDCE/C   n/a            0.500         50.000      49.500     SLICE_X48Y95    div_cnt_reg[2]/C
Low Pulse Width   Fast    FDCE/C   n/a            0.500         50.000      49.500     SLICE_X48Y95    div_cnt_reg[3]/C
Low Pulse Width   Fast    FDCE/C   n/a            0.500         50.000      49.500     SLICE_X48Y96    div_cnt_reg[4]/C
Low Pulse Width   Fast    FDCE/C   n/a            0.500         50.000      49.500     SLICE_X48Y96    div_cnt_reg[5]/C
Low Pulse Width   Fast    FDCE/C   n/a            0.500         50.000      49.500     SLICE_X48Y96    div_cnt_reg[7]/C
High Pulse Width  Slow    FDCE/C   n/a            0.500         50.000      49.500     SLICE_X50Y97    div_cnt_reg[10]/C
High Pulse Width  Slow    FDCE/C   n/a            0.500         50.000      49.500     SLICE_X50Y97    div_cnt_reg[13]/C
High Pulse Width  Slow    FDCE/C   n/a            0.500         50.000      49.500     SLICE_X0Y58     seg7/cnt_reg[10]/C
High Pulse Width  Slow    FDCE/C   n/a            0.500         50.000      49.500     SLICE_X0Y58     seg7/cnt_reg[11]/C
High Pulse Width  Slow    FDCE/C   n/a            0.500         50.000      49.500     SLICE_X0Y57     seg7/cnt_reg[4]/C
High Pulse Width  Slow    FDCE/C   n/a            0.500         50.000      49.500     SLICE_X0Y57     seg7/cnt_reg[5]/C
High Pulse Width  Slow    FDCE/C   n/a            0.500         50.000      49.500     SLICE_X0Y57     seg7/cnt_reg[6]/C
High Pulse Width  Slow    FDCE/C   n/a            0.500         50.000      49.500     SLICE_X0Y57     seg7/cnt_reg[7]/C
High Pulse Width  Slow    FDCE/C   n/a            0.500         50.000      49.500     SLICE_X0Y58     seg7/cnt_reg[8]/C
High Pulse Width  Slow    FDCE/C   n/a            0.500         50.000      49.500     SLICE_X0Y58     seg7/cnt_reg[9]/C



---------------------------------------------------------------------------------------------------
Path Group:  **async_default**
From Clock:  clk_pin
  To Clock:  clk_pin

Setup :            0  Failing Endpoints,  Worst Slack       72.990ns,  Total Violation        0.000ns
Hold  :            0  Failing Endpoints,  Worst Slack        0.709ns,  Total Violation        0.000ns
---------------------------------------------------------------------------------------------------


Max Delay Paths
--------------------------------------------------------------------------------------
Slack (MET) :             72.990ns  (required time - arrival time)
  Source:                 reset
                            (input port clocked by clk_pin  {rise@0.000ns fall@50.000ns period=100.000ns})
  Destination:            div_cnt_reg[17]/CLR
                            (recovery check against rising-edge clock clk_pin  {rise@0.000ns fall@50.000ns period=100.000ns})
  Path Group:             **async_default**
  Path Type:              Recovery (Max at Slow Process Corner)
  Requirement:            100.000ns  (clk_pin rise@100.000ns - clk_pin rise@0.000ns)
  Data Path Delay:        30.506ns  (logic 1.477ns (4.840%)  route 29.029ns (95.160%))
  Logic Levels:           1  (IBUF=1)
  Input Delay:            1.000ns
  Clock Path Skew:        4.937ns (DCD - SCD + CPR)
    Destination Clock Delay (DCD):    4.937ns = ( 104.937 - 100.000 ) 
    Source Clock Delay      (SCD):    0.000ns
    Clock Pessimism Removal (CPR):    0.000ns
  Clock Uncertainty:      0.035ns  ((TSJ^2 + TIJ^2)^1/2 + DJ) / 2 + PE
    Total System Jitter     (TSJ):    0.071ns
    Total Input Jitter      (TIJ):    0.000ns
    Discrete Jitter          (DJ):    0.000ns
    Phase Error              (PE):    0.000ns

    Location             Delay type                Incr(ns)  Path(ns)    Netlist Resource(s)
  -------------------------------------------------------------------    -------------------
                         (clock clk_pin rise edge)    0.000     0.000 r  
                         input delay                  1.000     1.000    
    N17                                               0.000     1.000 f  reset (IN)
                         net (fo=0)                   0.000     1.000    reset
    N17                  IBUF (Prop_ibuf_I_O)         1.477     2.477 f  reset_IBUF_inst/O
                         net (fo=2228, routed)       29.029    31.506    reset_IBUF
    SLICE_X48Y99         FDCE                                         f  div_cnt_reg[17]/CLR
  -------------------------------------------------------------------    -------------------

                         (clock clk_pin rise edge)  100.000   100.000 r  
    E3                                                0.000   100.000 r  clk_in (IN)
                         net (fo=0)                   0.000   100.000    clk_in
    E3                   IBUF (Prop_ibuf_I_O)         1.411   101.411 r  clk_in_IBUF_inst/O
                         net (fo=1, routed)           1.920   103.331    clk_in_IBUF
    BUFGCTRL_X0Y16       BUFG (Prop_bufg_I_O)         0.091   103.422 r  clk_in_IBUF_BUFG_inst/O
                         net (fo=81, routed)          1.514   104.937    clk_in_IBUF_BUFG
    SLICE_X48Y99         FDCE                                         r  div_cnt_reg[17]/C
                         clock pessimism              0.000   104.937    
                         clock uncertainty           -0.035   104.901    
    SLICE_X48Y99         FDCE (Recov_fdce_C_CLR)     -0.405   104.496    div_cnt_reg[17]
  -------------------------------------------------------------------
                         required time                        104.496    
                         arrival time                         -31.506    
  -------------------------------------------------------------------
                         slack                                 72.990    

Slack (MET) :             72.990ns  (required time - arrival time)
  Source:                 reset
                            (input port clocked by clk_pin  {rise@0.000ns fall@50.000ns period=100.000ns})
  Destination:            div_cnt_reg[19]/CLR
                            (recovery check against rising-edge clock clk_pin  {rise@0.000ns fall@50.000ns period=100.000ns})
  Path Group:             **async_default**
  Path Type:              Recovery (Max at Slow Process Corner)
  Requirement:            100.000ns  (clk_pin rise@100.000ns - clk_pin rise@0.000ns)
  Data Path Delay:        30.506ns  (logic 1.477ns (4.840%)  route 29.029ns (95.160%))
  Logic Levels:           1  (IBUF=1)
  Input Delay:            1.000ns
  Clock Path Skew:        4.937ns (DCD - SCD + CPR)
    Destination Clock Delay (DCD):    4.937ns = ( 104.937 - 100.000 ) 
    Source Clock Delay      (SCD):    0.000ns
    Clock Pessimism Removal (CPR):    0.000ns
  Clock Uncertainty:      0.035ns  ((TSJ^2 + TIJ^2)^1/2 + DJ) / 2 + PE
    Total System Jitter     (TSJ):    0.071ns
    Total Input Jitter      (TIJ):    0.000ns
    Discrete Jitter          (DJ):    0.000ns
    Phase Error              (PE):    0.000ns

    Location             Delay type                Incr(ns)  Path(ns)    Netlist Resource(s)
  -------------------------------------------------------------------    -------------------
                         (clock clk_pin rise edge)    0.000     0.000 r  
                         input delay                  1.000     1.000    
    N17                                               0.000     1.000 f  reset (IN)
                         net (fo=0)                   0.000     1.000    reset
    N17                  IBUF (Prop_ibuf_I_O)         1.477     2.477 f  reset_IBUF_inst/O
                         net (fo=2228, routed)       29.029    31.506    reset_IBUF
    SLICE_X48Y99         FDCE                                         f  div_cnt_reg[19]/CLR
  -------------------------------------------------------------------    -------------------

                         (clock clk_pin rise edge)  100.000   100.000 r  
    E3                                                0.000   100.000 r  clk_in (IN)
                         net (fo=0)                   0.000   100.000    clk_in
    E3                   IBUF (Prop_ibuf_I_O)         1.411   101.411 r  clk_in_IBUF_inst/O
                         net (fo=1, routed)           1.920   103.331    clk_in_IBUF
    BUFGCTRL_X0Y16       BUFG (Prop_bufg_I_O)         0.091   103.422 r  clk_in_IBUF_BUFG_inst/O
                         net (fo=81, routed)          1.514   104.937    clk_in_IBUF_BUFG
    SLICE_X48Y99         FDCE                                         r  div_cnt_reg[19]/C
                         clock pessimism              0.000   104.937    
                         clock uncertainty           -0.035   104.901    
    SLICE_X48Y99         FDCE (Recov_fdce_C_CLR)     -0.405   104.496    div_cnt_reg[19]
  -------------------------------------------------------------------
                         required time                        104.496    
                         arrival time                         -31.506    
  -------------------------------------------------------------------
                         slack                                 72.990    

Slack (MET) :             72.990ns  (required time - arrival time)
  Source:                 reset
                            (input port clocked by clk_pin  {rise@0.000ns fall@50.000ns period=100.000ns})
  Destination:            div_cnt_reg[20]/CLR
                            (recovery check against rising-edge clock clk_pin  {rise@0.000ns fall@50.000ns period=100.000ns})
  Path Group:             **async_default**
  Path Type:              Recovery (Max at Slow Process Corner)
  Requirement:            100.000ns  (clk_pin rise@100.000ns - clk_pin rise@0.000ns)
  Data Path Delay:        30.506ns  (logic 1.477ns (4.840%)  route 29.029ns (95.160%))
  Logic Levels:           1  (IBUF=1)
  Input Delay:            1.000ns
  Clock Path Skew:        4.937ns (DCD - SCD + CPR)
    Destination Clock Delay (DCD):    4.937ns = ( 104.937 - 100.000 ) 
    Source Clock Delay      (SCD):    0.000ns
    Clock Pessimism Removal (CPR):    0.000ns
  Clock Uncertainty:      0.035ns  ((TSJ^2 + TIJ^2)^1/2 + DJ) / 2 + PE
    Total System Jitter     (TSJ):    0.071ns
    Total Input Jitter      (TIJ):    0.000ns
    Discrete Jitter          (DJ):    0.000ns
    Phase Error              (PE):    0.000ns

    Location             Delay type                Incr(ns)  Path(ns)    Netlist Resource(s)
  -------------------------------------------------------------------    -------------------
                         (clock clk_pin rise edge)    0.000     0.000 r  
                         input delay                  1.000     1.000    
    N17                                               0.000     1.000 f  reset (IN)
                         net (fo=0)                   0.000     1.000    reset
    N17                  IBUF (Prop_ibuf_I_O)         1.477     2.477 f  reset_IBUF_inst/O
                         net (fo=2228, routed)       29.029    31.506    reset_IBUF
    SLICE_X48Y99         FDCE                                         f  div_cnt_reg[20]/CLR
  -------------------------------------------------------------------    -------------------

                         (clock clk_pin rise edge)  100.000   100.000 r  
    E3                                                0.000   100.000 r  clk_in (IN)
                         net (fo=0)                   0.000   100.000    clk_in
    E3                   IBUF (Prop_ibuf_I_O)         1.411   101.411 r  clk_in_IBUF_inst/O
                         net (fo=1, routed)           1.920   103.331    clk_in_IBUF
    BUFGCTRL_X0Y16       BUFG (Prop_bufg_I_O)         0.091   103.422 r  clk_in_IBUF_BUFG_inst/O
                         net (fo=81, routed)          1.514   104.937    clk_in_IBUF_BUFG
    SLICE_X48Y99         FDCE                                         r  div_cnt_reg[20]/C
                         clock pessimism              0.000   104.937    
                         clock uncertainty           -0.035   104.901    
    SLICE_X48Y99         FDCE (Recov_fdce_C_CLR)     -0.405   104.496    div_cnt_reg[20]
  -------------------------------------------------------------------
                         required time                        104.496    
                         arrival time                         -31.506    
  -------------------------------------------------------------------
                         slack                                 72.990    

Slack (MET) :             72.990ns  (required time - arrival time)
  Source:                 reset
                            (input port clocked by clk_pin  {rise@0.000ns fall@50.000ns period=100.000ns})
  Destination:            div_cnt_reg[22]/CLR
                            (recovery check against rising-edge clock clk_pin  {rise@0.000ns fall@50.000ns period=100.000ns})
  Path Group:             **async_default**
  Path Type:              Recovery (Max at Slow Process Corner)
  Requirement:            100.000ns  (clk_pin rise@100.000ns - clk_pin rise@0.000ns)
  Data Path Delay:        30.506ns  (logic 1.477ns (4.840%)  route 29.029ns (95.160%))
  Logic Levels:           1  (IBUF=1)
  Input Delay:            1.000ns
  Clock Path Skew:        4.937ns (DCD - SCD + CPR)
    Destination Clock Delay (DCD):    4.937ns = ( 104.937 - 100.000 ) 
    Source Clock Delay      (SCD):    0.000ns
    Clock Pessimism Removal (CPR):    0.000ns
  Clock Uncertainty:      0.035ns  ((TSJ^2 + TIJ^2)^1/2 + DJ) / 2 + PE
    Total System Jitter     (TSJ):    0.071ns
    Total Input Jitter      (TIJ):    0.000ns
    Discrete Jitter          (DJ):    0.000ns
    Phase Error              (PE):    0.000ns

    Location             Delay type                Incr(ns)  Path(ns)    Netlist Resource(s)
  -------------------------------------------------------------------    -------------------
                         (clock clk_pin rise edge)    0.000     0.000 r  
                         input delay                  1.000     1.000    
    N17                                               0.000     1.000 f  reset (IN)
                         net (fo=0)                   0.000     1.000    reset
    N17                  IBUF (Prop_ibuf_I_O)         1.477     2.477 f  reset_IBUF_inst/O
                         net (fo=2228, routed)       29.029    31.506    reset_IBUF
    SLICE_X48Y99         FDCE                                         f  div_cnt_reg[22]/CLR
  -------------------------------------------------------------------    -------------------

                         (clock clk_pin rise edge)  100.000   100.000 r  
    E3                                                0.000   100.000 r  clk_in (IN)
                         net (fo=0)                   0.000   100.000    clk_in
    E3                   IBUF (Prop_ibuf_I_O)         1.411   101.411 r  clk_in_IBUF_inst/O
                         net (fo=1, routed)           1.920   103.331    clk_in_IBUF
    BUFGCTRL_X0Y16       BUFG (Prop_bufg_I_O)         0.091   103.422 r  clk_in_IBUF_BUFG_inst/O
                         net (fo=81, routed)          1.514   104.937    clk_in_IBUF_BUFG
    SLICE_X48Y99         FDCE                                         r  div_cnt_reg[22]/C
                         clock pessimism              0.000   104.937    
                         clock uncertainty           -0.035   104.901    
    SLICE_X48Y99         FDCE (Recov_fdce_C_CLR)     -0.405   104.496    div_cnt_reg[22]
  -------------------------------------------------------------------
                         required time                        104.496    
                         arrival time                         -31.506    
  -------------------------------------------------------------------
                         slack                                 72.990    

Slack (MET) :             72.990ns  (required time - arrival time)
  Source:                 reset
                            (input port clocked by clk_pin  {rise@0.000ns fall@50.000ns period=100.000ns})
  Destination:            div_cnt_reg[24]/CLR
                            (recovery check against rising-edge clock clk_pin  {rise@0.000ns fall@50.000ns period=100.000ns})
  Path Group:             **async_default**
  Path Type:              Recovery (Max at Slow Process Corner)
  Requirement:            100.000ns  (clk_pin rise@100.000ns - clk_pin rise@0.000ns)
  Data Path Delay:        30.506ns  (logic 1.477ns (4.840%)  route 29.029ns (95.160%))
  Logic Levels:           1  (IBUF=1)
  Input Delay:            1.000ns
  Clock Path Skew:        4.937ns (DCD - SCD + CPR)
    Destination Clock Delay (DCD):    4.937ns = ( 104.937 - 100.000 ) 
    Source Clock Delay      (SCD):    0.000ns
    Clock Pessimism Removal (CPR):    0.000ns
  Clock Uncertainty:      0.035ns  ((TSJ^2 + TIJ^2)^1/2 + DJ) / 2 + PE
    Total System Jitter     (TSJ):    0.071ns
    Total Input Jitter      (TIJ):    0.000ns
    Discrete Jitter          (DJ):    0.000ns
    Phase Error              (PE):    0.000ns

    Location             Delay type                Incr(ns)  Path(ns)    Netlist Resource(s)
  -------------------------------------------------------------------    -------------------
                         (clock clk_pin rise edge)    0.000     0.000 r  
                         input delay                  1.000     1.000    
    N17                                               0.000     1.000 f  reset (IN)
                         net (fo=0)                   0.000     1.000    reset
    N17                  IBUF (Prop_ibuf_I_O)         1.477     2.477 f  reset_IBUF_inst/O
                         net (fo=2228, routed)       29.029    31.506    reset_IBUF
    SLICE_X48Y99         FDCE                                         f  div_cnt_reg[24]/CLR
  -------------------------------------------------------------------    -------------------

                         (clock clk_pin rise edge)  100.000   100.000 r  
    E3                                                0.000   100.000 r  clk_in (IN)
                         net (fo=0)                   0.000   100.000    clk_in
    E3                   IBUF (Prop_ibuf_I_O)         1.411   101.411 r  clk_in_IBUF_inst/O
                         net (fo=1, routed)           1.920   103.331    clk_in_IBUF
    BUFGCTRL_X0Y16       BUFG (Prop_bufg_I_O)         0.091   103.422 r  clk_in_IBUF_BUFG_inst/O
                         net (fo=81, routed)          1.514   104.937    clk_in_IBUF_BUFG
    SLICE_X48Y99         FDCE                                         r  div_cnt_reg[24]/C
                         clock pessimism              0.000   104.937    
                         clock uncertainty           -0.035   104.901    
    SLICE_X48Y99         FDCE (Recov_fdce_C_CLR)     -0.405   104.496    div_cnt_reg[24]
  -------------------------------------------------------------------
                         required time                        104.496    
                         arrival time                         -31.506    
  -------------------------------------------------------------------
                         slack                                 72.990    

Slack (MET) :             72.990ns  (required time - arrival time)
  Source:                 reset
                            (input port clocked by clk_pin  {rise@0.000ns fall@50.000ns period=100.000ns})
  Destination:            div_cnt_reg[25]/CLR
                            (recovery check against rising-edge clock clk_pin  {rise@0.000ns fall@50.000ns period=100.000ns})
  Path Group:             **async_default**
  Path Type:              Recovery (Max at Slow Process Corner)
  Requirement:            100.000ns  (clk_pin rise@100.000ns - clk_pin rise@0.000ns)
  Data Path Delay:        30.506ns  (logic 1.477ns (4.840%)  route 29.029ns (95.160%))
  Logic Levels:           1  (IBUF=1)
  Input Delay:            1.000ns
  Clock Path Skew:        4.937ns (DCD - SCD + CPR)
    Destination Clock Delay (DCD):    4.937ns = ( 104.937 - 100.000 ) 
    Source Clock Delay      (SCD):    0.000ns
    Clock Pessimism Removal (CPR):    0.000ns
  Clock Uncertainty:      0.035ns  ((TSJ^2 + TIJ^2)^1/2 + DJ) / 2 + PE
    Total System Jitter     (TSJ):    0.071ns
    Total Input Jitter      (TIJ):    0.000ns
    Discrete Jitter          (DJ):    0.000ns
    Phase Error              (PE):    0.000ns

    Location             Delay type                Incr(ns)  Path(ns)    Netlist Resource(s)
  -------------------------------------------------------------------    -------------------
                         (clock clk_pin rise edge)    0.000     0.000 r  
                         input delay                  1.000     1.000    
    N17                                               0.000     1.000 f  reset (IN)
                         net (fo=0)                   0.000     1.000    reset
    N17                  IBUF (Prop_ibuf_I_O)         1.477     2.477 f  reset_IBUF_inst/O
                         net (fo=2228, routed)       29.029    31.506    reset_IBUF
    SLICE_X48Y99         FDCE                                         f  div_cnt_reg[25]/CLR
  -------------------------------------------------------------------    -------------------

                         (clock clk_pin rise edge)  100.000   100.000 r  
    E3                                                0.000   100.000 r  clk_in (IN)
                         net (fo=0)                   0.000   100.000    clk_in
    E3                   IBUF (Prop_ibuf_I_O)         1.411   101.411 r  clk_in_IBUF_inst/O
                         net (fo=1, routed)           1.920   103.331    clk_in_IBUF
    BUFGCTRL_X0Y16       BUFG (Prop_bufg_I_O)         0.091   103.422 r  clk_in_IBUF_BUFG_inst/O
                         net (fo=81, routed)          1.514   104.937    clk_in_IBUF_BUFG
    SLICE_X48Y99         FDCE                                         r  div_cnt_reg[25]/C
                         clock pessimism              0.000   104.937    
                         clock uncertainty           -0.035   104.901    
    SLICE_X48Y99         FDCE (Recov_fdce_C_CLR)     -0.405   104.496    div_cnt_reg[25]
  -------------------------------------------------------------------
                         required time                        104.496    
                         arrival time                         -31.506    
  -------------------------------------------------------------------
                         slack                                 72.990    

Slack (MET) :             73.132ns  (required time - arrival time)
  Source:                 reset
                            (input port clocked by clk_pin  {rise@0.000ns fall@50.000ns period=100.000ns})
  Destination:            div_cnt_reg[14]/CLR
                            (recovery check against rising-edge clock clk_pin  {rise@0.000ns fall@50.000ns period=100.000ns})
  Path Group:             **async_default**
  Path Type:              Recovery (Max at Slow Process Corner)
  Requirement:            100.000ns  (clk_pin rise@100.000ns - clk_pin rise@0.000ns)
  Data Path Delay:        30.364ns  (logic 1.477ns (4.863%)  route 28.887ns (95.137%))
  Logic Levels:           1  (IBUF=1)
  Input Delay:            1.000ns
  Clock Path Skew:        4.937ns (DCD - SCD + CPR)
    Destination Clock Delay (DCD):    4.937ns = ( 104.937 - 100.000 ) 
    Source Clock Delay      (SCD):    0.000ns
    Clock Pessimism Removal (CPR):    0.000ns
  Clock Uncertainty:      0.035ns  ((TSJ^2 + TIJ^2)^1/2 + DJ) / 2 + PE
    Total System Jitter     (TSJ):    0.071ns
    Total Input Jitter      (TIJ):    0.000ns
    Discrete Jitter          (DJ):    0.000ns
    Phase Error              (PE):    0.000ns

    Location             Delay type                Incr(ns)  Path(ns)    Netlist Resource(s)
  -------------------------------------------------------------------    -------------------
                         (clock clk_pin rise edge)    0.000     0.000 r  
                         input delay                  1.000     1.000    
    N17                                               0.000     1.000 f  reset (IN)
                         net (fo=0)                   0.000     1.000    reset
    N17                  IBUF (Prop_ibuf_I_O)         1.477     2.477 f  reset_IBUF_inst/O
                         net (fo=2228, routed)       28.887    31.364    reset_IBUF
    SLICE_X48Y98         FDCE                                         f  div_cnt_reg[14]/CLR
  -------------------------------------------------------------------    -------------------

                         (clock clk_pin rise edge)  100.000   100.000 r  
    E3                                                0.000   100.000 r  clk_in (IN)
                         net (fo=0)                   0.000   100.000    clk_in
    E3                   IBUF (Prop_ibuf_I_O)         1.411   101.411 r  clk_in_IBUF_inst/O
                         net (fo=1, routed)           1.920   103.331    clk_in_IBUF
    BUFGCTRL_X0Y16       BUFG (Prop_bufg_I_O)         0.091   103.422 r  clk_in_IBUF_BUFG_inst/O
                         net (fo=81, routed)          1.514   104.937    clk_in_IBUF_BUFG
    SLICE_X48Y98         FDCE                                         r  div_cnt_reg[14]/C
                         clock pessimism              0.000   104.937    
                         clock uncertainty           -0.035   104.901    
    SLICE_X48Y98         FDCE (Recov_fdce_C_CLR)     -0.405   104.496    div_cnt_reg[14]
  -------------------------------------------------------------------
                         required time                        104.496    
                         arrival time                         -31.364    
  -------------------------------------------------------------------
                         slack                                 73.132    

Slack (MET) :             73.132ns  (required time - arrival time)
  Source:                 reset
                            (input port clocked by clk_pin  {rise@0.000ns fall@50.000ns period=100.000ns})
  Destination:            div_cnt_reg[15]/CLR
                            (recovery check against rising-edge clock clk_pin  {rise@0.000ns fall@50.000ns period=100.000ns})
  Path Group:             **async_default**
  Path Type:              Recovery (Max at Slow Process Corner)
  Requirement:            100.000ns  (clk_pin rise@100.000ns - clk_pin rise@0.000ns)
  Data Path Delay:        30.364ns  (logic 1.477ns (4.863%)  route 28.887ns (95.137%))
  Logic Levels:           1  (IBUF=1)
  Input Delay:            1.000ns
  Clock Path Skew:        4.937ns (DCD - SCD + CPR)
    Destination Clock Delay (DCD):    4.937ns = ( 104.937 - 100.000 ) 
    Source Clock Delay      (SCD):    0.000ns
    Clock Pessimism Removal (CPR):    0.000ns
  Clock Uncertainty:      0.035ns  ((TSJ^2 + TIJ^2)^1/2 + DJ) / 2 + PE
    Total System Jitter     (TSJ):    0.071ns
    Total Input Jitter      (TIJ):    0.000ns
    Discrete Jitter          (DJ):    0.000ns
    Phase Error              (PE):    0.000ns

    Location             Delay type                Incr(ns)  Path(ns)    Netlist Resource(s)
  -------------------------------------------------------------------    -------------------
                         (clock clk_pin rise edge)    0.000     0.000 r  
                         input delay                  1.000     1.000    
    N17                                               0.000     1.000 f  reset (IN)
                         net (fo=0)                   0.000     1.000    reset
    N17                  IBUF (Prop_ibuf_I_O)         1.477     2.477 f  reset_IBUF_inst/O
                         net (fo=2228, routed)       28.887    31.364    reset_IBUF
    SLICE_X48Y98         FDCE                                         f  div_cnt_reg[15]/CLR
  -------------------------------------------------------------------    -------------------

                         (clock clk_pin rise edge)  100.000   100.000 r  
    E3                                                0.000   100.000 r  clk_in (IN)
                         net (fo=0)                   0.000   100.000    clk_in
    E3                   IBUF (Prop_ibuf_I_O)         1.411   101.411 r  clk_in_IBUF_inst/O
                         net (fo=1, routed)           1.920   103.331    clk_in_IBUF
    BUFGCTRL_X0Y16       BUFG (Prop_bufg_I_O)         0.091   103.422 r  clk_in_IBUF_BUFG_inst/O
                         net (fo=81, routed)          1.514   104.937    clk_in_IBUF_BUFG
    SLICE_X48Y98         FDCE                                         r  div_cnt_reg[15]/C
                         clock pessimism              0.000   104.937    
                         clock uncertainty           -0.035   104.901    
    SLICE_X48Y98         FDCE (Recov_fdce_C_CLR)     -0.405   104.496    div_cnt_reg[15]
  -------------------------------------------------------------------
                         required time                        104.496    
                         arrival time                         -31.364    
  -------------------------------------------------------------------
                         slack                                 73.132    

Slack (MET) :             73.132ns  (required time - arrival time)
  Source:                 reset
                            (input port clocked by clk_pin  {rise@0.000ns fall@50.000ns period=100.000ns})
  Destination:            div_cnt_reg[16]/CLR
                            (recovery check against rising-edge clock clk_pin  {rise@0.000ns fall@50.000ns period=100.000ns})
  Path Group:             **async_default**
  Path Type:              Recovery (Max at Slow Process Corner)
  Requirement:            100.000ns  (clk_pin rise@100.000ns - clk_pin rise@0.000ns)
  Data Path Delay:        30.364ns  (logic 1.477ns (4.863%)  route 28.887ns (95.137%))
  Logic Levels:           1  (IBUF=1)
  Input Delay:            1.000ns
  Clock Path Skew:        4.937ns (DCD - SCD + CPR)
    Destination Clock Delay (DCD):    4.937ns = ( 104.937 - 100.000 ) 
    Source Clock Delay      (SCD):    0.000ns
    Clock Pessimism Removal (CPR):    0.000ns
  Clock Uncertainty:      0.035ns  ((TSJ^2 + TIJ^2)^1/2 + DJ) / 2 + PE
    Total System Jitter     (TSJ):    0.071ns
    Total Input Jitter      (TIJ):    0.000ns
    Discrete Jitter          (DJ):    0.000ns
    Phase Error              (PE):    0.000ns

    Location             Delay type                Incr(ns)  Path(ns)    Netlist Resource(s)
  -------------------------------------------------------------------    -------------------
                         (clock clk_pin rise edge)    0.000     0.000 r  
                         input delay                  1.000     1.000    
    N17                                               0.000     1.000 f  reset (IN)
                         net (fo=0)                   0.000     1.000    reset
    N17                  IBUF (Prop_ibuf_I_O)         1.477     2.477 f  reset_IBUF_inst/O
                         net (fo=2228, routed)       28.887    31.364    reset_IBUF
    SLICE_X48Y98         FDCE                                         f  div_cnt_reg[16]/CLR
  -------------------------------------------------------------------    -------------------

                         (clock clk_pin rise edge)  100.000   100.000 r  
    E3                                                0.000   100.000 r  clk_in (IN)
                         net (fo=0)                   0.000   100.000    clk_in
    E3                   IBUF (Prop_ibuf_I_O)         1.411   101.411 r  clk_in_IBUF_inst/O
                         net (fo=1, routed)           1.920   103.331    clk_in_IBUF
    BUFGCTRL_X0Y16       BUFG (Prop_bufg_I_O)         0.091   103.422 r  clk_in_IBUF_BUFG_inst/O
                         net (fo=81, routed)          1.514   104.937    clk_in_IBUF_BUFG
    SLICE_X48Y98         FDCE                                         r  div_cnt_reg[16]/C
                         clock pessimism              0.000   104.937    
                         clock uncertainty           -0.035   104.901    
    SLICE_X48Y98         FDCE (Recov_fdce_C_CLR)     -0.405   104.496    div_cnt_reg[16]
  -------------------------------------------------------------------
                         required time                        104.496    
                         arrival time                         -31.364    
  -------------------------------------------------------------------
                         slack                                 73.132    

Slack (MET) :             73.132ns  (required time - arrival time)
  Source:                 reset
                            (input port clocked by clk_pin  {rise@0.000ns fall@50.000ns period=100.000ns})
  Destination:            div_cnt_reg[18]/CLR
                            (recovery check against rising-edge clock clk_pin  {rise@0.000ns fall@50.000ns period=100.000ns})
  Path Group:             **async_default**
  Path Type:              Recovery (Max at Slow Process Corner)
  Requirement:            100.000ns  (clk_pin rise@100.000ns - clk_pin rise@0.000ns)
  Data Path Delay:        30.364ns  (logic 1.477ns (4.863%)  route 28.887ns (95.137%))
  Logic Levels:           1  (IBUF=1)
  Input Delay:            1.000ns
  Clock Path Skew:        4.937ns (DCD - SCD + CPR)
    Destination Clock Delay (DCD):    4.937ns = ( 104.937 - 100.000 ) 
    Source Clock Delay      (SCD):    0.000ns
    Clock Pessimism Removal (CPR):    0.000ns
  Clock Uncertainty:      0.035ns  ((TSJ^2 + TIJ^2)^1/2 + DJ) / 2 + PE
    Total System Jitter     (TSJ):    0.071ns
    Total Input Jitter      (TIJ):    0.000ns
    Discrete Jitter          (DJ):    0.000ns
    Phase Error              (PE):    0.000ns

    Location             Delay type                Incr(ns)  Path(ns)    Netlist Resource(s)
  -------------------------------------------------------------------    -------------------
                         (clock clk_pin rise edge)    0.000     0.000 r  
                         input delay                  1.000     1.000    
    N17                                               0.000     1.000 f  reset (IN)
                         net (fo=0)                   0.000     1.000    reset
    N17                  IBUF (Prop_ibuf_I_O)         1.477     2.477 f  reset_IBUF_inst/O
                         net (fo=2228, routed)       28.887    31.364    reset_IBUF
    SLICE_X48Y98         FDCE                                         f  div_cnt_reg[18]/CLR
  -------------------------------------------------------------------    -------------------

                         (clock clk_pin rise edge)  100.000   100.000 r  
    E3                                                0.000   100.000 r  clk_in (IN)
                         net (fo=0)                   0.000   100.000    clk_in
    E3                   IBUF (Prop_ibuf_I_O)         1.411   101.411 r  clk_in_IBUF_inst/O
                         net (fo=1, routed)           1.920   103.331    clk_in_IBUF
    BUFGCTRL_X0Y16       BUFG (Prop_bufg_I_O)         0.091   103.422 r  clk_in_IBUF_BUFG_inst/O
                         net (fo=81, routed)          1.514   104.937    clk_in_IBUF_BUFG
    SLICE_X48Y98         FDCE                                         r  div_cnt_reg[18]/C
                         clock pessimism              0.000   104.937    
                         clock uncertainty           -0.035   104.901    
    SLICE_X48Y98         FDCE (Recov_fdce_C_CLR)     -0.405   104.496    div_cnt_reg[18]
  -------------------------------------------------------------------
                         required time                        104.496    
                         arrival time                         -31.364    
  -------------------------------------------------------------------
                         slack                                 73.132    





Min Delay Paths
--------------------------------------------------------------------------------------
Slack (MET) :             0.709ns  (arrival time - required time)
  Source:                 reset
                            (input port clocked by clk_pin  {rise@0.000ns fall@50.000ns period=100.000ns})
  Destination:            seg7/cnt_reg[4]/CLR
                            (removal check against rising-edge clock clk_pin  {rise@0.000ns fall@50.000ns period=100.000ns})
  Path Group:             **async_default**
  Path Type:              Removal (Min at Slow Process Corner)
  Requirement:            0.000ns  (clk_pin rise@0.000ns - clk_pin rise@0.000ns)
  Data Path Delay:        4.828ns  (logic 1.406ns (29.123%)  route 3.422ns (70.877%))
  Logic Levels:           1  (IBUF=1)
  Input Delay:            1.000ns
  Clock Path Skew:        5.327ns (DCD - SCD - CPR)
    Destination Clock Delay (DCD):    5.327ns
    Source Clock Delay      (SCD):    0.000ns
    Clock Pessimism Removal (CPR):    -0.000ns

    Location             Delay type                Incr(ns)  Path(ns)    Netlist Resource(s)
  -------------------------------------------------------------------    -------------------
                         (clock clk_pin rise edge)    0.000     0.000 r  
                         input delay                  1.000     1.000    
    N17                                               0.000     1.000 f  reset (IN)
                         net (fo=0)                   0.000     1.000    reset
    N17                  IBUF (Prop_ibuf_I_O)         1.406     2.406 f  reset_IBUF_inst/O
                         net (fo=2228, routed)        3.422     5.828    seg7/AR[0]
    SLICE_X0Y57          FDCE                                         f  seg7/cnt_reg[4]/CLR
  -------------------------------------------------------------------    -------------------

                         (clock clk_pin rise edge)    0.000     0.000 r  
    E3                                                0.000     0.000 r  clk_in (IN)
                         net (fo=0)                   0.000     0.000    clk_in
    E3                   IBUF (Prop_ibuf_I_O)         1.482     1.482 r  clk_in_IBUF_inst/O
                         net (fo=1, routed)           2.025     3.506    clk_in_IBUF
    BUFGCTRL_X0Y16       BUFG (Prop_bufg_I_O)         0.096     3.602 r  clk_in_IBUF_BUFG_inst/O
                         net (fo=81, routed)          1.724     5.327    seg7/clk_in_IBUF_BUFG
    SLICE_X0Y57          FDCE                                         r  seg7/cnt_reg[4]/C
                         clock pessimism              0.000     5.327    
    SLICE_X0Y57          FDCE (Remov_fdce_C_CLR)     -0.208     5.119    seg7/cnt_reg[4]
  -------------------------------------------------------------------
                         required time                         -5.119    
                         arrival time                           5.828    
  -------------------------------------------------------------------
                         slack                                  0.709    

Slack (MET) :             0.709ns  (arrival time - required time)
  Source:                 reset
                            (input port clocked by clk_pin  {rise@0.000ns fall@50.000ns period=100.000ns})
  Destination:            seg7/cnt_reg[5]/CLR
                            (removal check against rising-edge clock clk_pin  {rise@0.000ns fall@50.000ns period=100.000ns})
  Path Group:             **async_default**
  Path Type:              Removal (Min at Slow Process Corner)
  Requirement:            0.000ns  (clk_pin rise@0.000ns - clk_pin rise@0.000ns)
  Data Path Delay:        4.828ns  (logic 1.406ns (29.123%)  route 3.422ns (70.877%))
  Logic Levels:           1  (IBUF=1)
  Input Delay:            1.000ns
  Clock Path Skew:        5.327ns (DCD - SCD - CPR)
    Destination Clock Delay (DCD):    5.327ns
    Source Clock Delay      (SCD):    0.000ns
    Clock Pessimism Removal (CPR):    -0.000ns

    Location             Delay type                Incr(ns)  Path(ns)    Netlist Resource(s)
  -------------------------------------------------------------------    -------------------
                         (clock clk_pin rise edge)    0.000     0.000 r  
                         input delay                  1.000     1.000    
    N17                                               0.000     1.000 f  reset (IN)
                         net (fo=0)                   0.000     1.000    reset
    N17                  IBUF (Prop_ibuf_I_O)         1.406     2.406 f  reset_IBUF_inst/O
                         net (fo=2228, routed)        3.422     5.828    seg7/AR[0]
    SLICE_X0Y57          FDCE                                         f  seg7/cnt_reg[5]/CLR
  -------------------------------------------------------------------    -------------------

                         (clock clk_pin rise edge)    0.000     0.000 r  
    E3                                                0.000     0.000 r  clk_in (IN)
                         net (fo=0)                   0.000     0.000    clk_in
    E3                   IBUF (Prop_ibuf_I_O)         1.482     1.482 r  clk_in_IBUF_inst/O
                         net (fo=1, routed)           2.025     3.506    clk_in_IBUF
    BUFGCTRL_X0Y16       BUFG (Prop_bufg_I_O)         0.096     3.602 r  clk_in_IBUF_BUFG_inst/O
                         net (fo=81, routed)          1.724     5.327    seg7/clk_in_IBUF_BUFG
    SLICE_X0Y57          FDCE                                         r  seg7/cnt_reg[5]/C
                         clock pessimism              0.000     5.327    
    SLICE_X0Y57          FDCE (Remov_fdce_C_CLR)     -0.208     5.119    seg7/cnt_reg[5]
  -------------------------------------------------------------------
                         required time                         -5.119    
                         arrival time                           5.828    
  -------------------------------------------------------------------
                         slack                                  0.709    

Slack (MET) :             0.709ns  (arrival time - required time)
  Source:                 reset
                            (input port clocked by clk_pin  {rise@0.000ns fall@50.000ns period=100.000ns})
  Destination:            seg7/cnt_reg[6]/CLR
                            (removal check against rising-edge clock clk_pin  {rise@0.000ns fall@50.000ns period=100.000ns})
  Path Group:             **async_default**
  Path Type:              Removal (Min at Slow Process Corner)
  Requirement:            0.000ns  (clk_pin rise@0.000ns - clk_pin rise@0.000ns)
  Data Path Delay:        4.828ns  (logic 1.406ns (29.123%)  route 3.422ns (70.877%))
  Logic Levels:           1  (IBUF=1)
  Input Delay:            1.000ns
  Clock Path Skew:        5.327ns (DCD - SCD - CPR)
    Destination Clock Delay (DCD):    5.327ns
    Source Clock Delay      (SCD):    0.000ns
    Clock Pessimism Removal (CPR):    -0.000ns

    Location             Delay type                Incr(ns)  Path(ns)    Netlist Resource(s)
  -------------------------------------------------------------------    -------------------
                         (clock clk_pin rise edge)    0.000     0.000 r  
                         input delay                  1.000     1.000    
    N17                                               0.000     1.000 f  reset (IN)
                         net (fo=0)                   0.000     1.000    reset
    N17                  IBUF (Prop_ibuf_I_O)         1.406     2.406 f  reset_IBUF_inst/O
                         net (fo=2228, routed)        3.422     5.828    seg7/AR[0]
    SLICE_X0Y57          FDCE                                         f  seg7/cnt_reg[6]/CLR
  -------------------------------------------------------------------    -------------------

                         (clock clk_pin rise edge)    0.000     0.000 r  
    E3                                                0.000     0.000 r  clk_in (IN)
                         net (fo=0)                   0.000     0.000    clk_in
    E3                   IBUF (Prop_ibuf_I_O)         1.482     1.482 r  clk_in_IBUF_inst/O
                         net (fo=1, routed)           2.025     3.506    clk_in_IBUF
    BUFGCTRL_X0Y16       BUFG (Prop_bufg_I_O)         0.096     3.602 r  clk_in_IBUF_BUFG_inst/O
                         net (fo=81, routed)          1.724     5.327    seg7/clk_in_IBUF_BUFG
    SLICE_X0Y57          FDCE                                         r  seg7/cnt_reg[6]/C
                         clock pessimism              0.000     5.327    
    SLICE_X0Y57          FDCE (Remov_fdce_C_CLR)     -0.208     5.119    seg7/cnt_reg[6]
  -------------------------------------------------------------------
                         required time                         -5.119    
                         arrival time                           5.828    
  -------------------------------------------------------------------
                         slack                                  0.709    

Slack (MET) :             0.709ns  (arrival time - required time)
  Source:                 reset
                            (input port clocked by clk_pin  {rise@0.000ns fall@50.000ns period=100.000ns})
  Destination:            seg7/cnt_reg[7]/CLR
                            (removal check against rising-edge clock clk_pin  {rise@0.000ns fall@50.000ns period=100.000ns})
  Path Group:             **async_default**
  Path Type:              Removal (Min at Slow Process Corner)
  Requirement:            0.000ns  (clk_pin rise@0.000ns - clk_pin rise@0.000ns)
  Data Path Delay:        4.828ns  (logic 1.406ns (29.123%)  route 3.422ns (70.877%))
  Logic Levels:           1  (IBUF=1)
  Input Delay:            1.000ns
  Clock Path Skew:        5.327ns (DCD - SCD - CPR)
    Destination Clock Delay (DCD):    5.327ns
    Source Clock Delay      (SCD):    0.000ns
    Clock Pessimism Removal (CPR):    -0.000ns

    Location             Delay type                Incr(ns)  Path(ns)    Netlist Resource(s)
  -------------------------------------------------------------------    -------------------
                         (clock clk_pin rise edge)    0.000     0.000 r  
                         input delay                  1.000     1.000    
    N17                                               0.000     1.000 f  reset (IN)
                         net (fo=0)                   0.000     1.000    reset
    N17                  IBUF (Prop_ibuf_I_O)         1.406     2.406 f  reset_IBUF_inst/O
                         net (fo=2228, routed)        3.422     5.828    seg7/AR[0]
    SLICE_X0Y57          FDCE                                         f  seg7/cnt_reg[7]/CLR
  -------------------------------------------------------------------    -------------------

                         (clock clk_pin rise edge)    0.000     0.000 r  
    E3                                                0.000     0.000 r  clk_in (IN)
                         net (fo=0)                   0.000     0.000    clk_in
    E3                   IBUF (Prop_ibuf_I_O)         1.482     1.482 r  clk_in_IBUF_inst/O
                         net (fo=1, routed)           2.025     3.506    clk_in_IBUF
    BUFGCTRL_X0Y16       BUFG (Prop_bufg_I_O)         0.096     3.602 r  clk_in_IBUF_BUFG_inst/O
                         net (fo=81, routed)          1.724     5.327    seg7/clk_in_IBUF_BUFG
    SLICE_X0Y57          FDCE                                         r  seg7/cnt_reg[7]/C
                         clock pessimism              0.000     5.327    
    SLICE_X0Y57          FDCE (Remov_fdce_C_CLR)     -0.208     5.119    seg7/cnt_reg[7]
  -------------------------------------------------------------------
                         required time                         -5.119    
                         arrival time                           5.828    
  -------------------------------------------------------------------
                         slack                                  0.709    

Slack (MET) :             0.841ns  (arrival time - required time)
  Source:                 reset
                            (input port clocked by clk_pin  {rise@0.000ns fall@50.000ns period=100.000ns})
  Destination:            seg7/cnt_reg[12]/CLR
                            (removal check against rising-edge clock clk_pin  {rise@0.000ns fall@50.000ns period=100.000ns})
  Path Group:             **async_default**
  Path Type:              Removal (Min at Slow Process Corner)
  Requirement:            0.000ns  (clk_pin rise@0.000ns - clk_pin rise@0.000ns)
  Data Path Delay:        4.959ns  (logic 1.406ns (28.353%)  route 3.553ns (71.647%))
  Logic Levels:           1  (IBUF=1)
  Input Delay:            1.000ns
  Clock Path Skew:        5.326ns (DCD - SCD - CPR)
    Destination Clock Delay (DCD):    5.326ns
    Source Clock Delay      (SCD):    0.000ns
    Clock Pessimism Removal (CPR):    -0.000ns

    Location             Delay type                Incr(ns)  Path(ns)    Netlist Resource(s)
  -------------------------------------------------------------------    -------------------
                         (clock clk_pin rise edge)    0.000     0.000 r  
                         input delay                  1.000     1.000    
    N17                                               0.000     1.000 f  reset (IN)
                         net (fo=0)                   0.000     1.000    reset
    N17                  IBUF (Prop_ibuf_I_O)         1.406     2.406 f  reset_IBUF_inst/O
                         net (fo=2228, routed)        3.553     5.959    seg7/AR[0]
    SLICE_X0Y59          FDCE                                         f  seg7/cnt_reg[12]/CLR
  -------------------------------------------------------------------    -------------------

                         (clock clk_pin rise edge)    0.000     0.000 r  
    E3                                                0.000     0.000 r  clk_in (IN)
                         net (fo=0)                   0.000     0.000    clk_in
    E3                   IBUF (Prop_ibuf_I_O)         1.482     1.482 r  clk_in_IBUF_inst/O
                         net (fo=1, routed)           2.025     3.506    clk_in_IBUF
    BUFGCTRL_X0Y16       BUFG (Prop_bufg_I_O)         0.096     3.602 r  clk_in_IBUF_BUFG_inst/O
                         net (fo=81, routed)          1.723     5.326    seg7/clk_in_IBUF_BUFG
    SLICE_X0Y59          FDCE                                         r  seg7/cnt_reg[12]/C
                         clock pessimism              0.000     5.326    
    SLICE_X0Y59          FDCE (Remov_fdce_C_CLR)     -0.208     5.118    seg7/cnt_reg[12]
  -------------------------------------------------------------------
                         required time                         -5.118    
                         arrival time                           5.959    
  -------------------------------------------------------------------
                         slack                                  0.841    

Slack (MET) :             0.841ns  (arrival time - required time)
  Source:                 reset
                            (input port clocked by clk_pin  {rise@0.000ns fall@50.000ns period=100.000ns})
  Destination:            seg7/cnt_reg[13]/CLR
                            (removal check against rising-edge clock clk_pin  {rise@0.000ns fall@50.000ns period=100.000ns})
  Path Group:             **async_default**
  Path Type:              Removal (Min at Slow Process Corner)
  Requirement:            0.000ns  (clk_pin rise@0.000ns - clk_pin rise@0.000ns)
  Data Path Delay:        4.959ns  (logic 1.406ns (28.353%)  route 3.553ns (71.647%))
  Logic Levels:           1  (IBUF=1)
  Input Delay:            1.000ns
  Clock Path Skew:        5.326ns (DCD - SCD - CPR)
    Destination Clock Delay (DCD):    5.326ns
    Source Clock Delay      (SCD):    0.000ns
    Clock Pessimism Removal (CPR):    -0.000ns

    Location             Delay type                Incr(ns)  Path(ns)    Netlist Resource(s)
  -------------------------------------------------------------------    -------------------
                         (clock clk_pin rise edge)    0.000     0.000 r  
                         input delay                  1.000     1.000    
    N17                                               0.000     1.000 f  reset (IN)
                         net (fo=0)                   0.000     1.000    reset
    N17                  IBUF (Prop_ibuf_I_O)         1.406     2.406 f  reset_IBUF_inst/O
                         net (fo=2228, routed)        3.553     5.959    seg7/AR[0]
    SLICE_X0Y59          FDCE                                         f  seg7/cnt_reg[13]/CLR
  -------------------------------------------------------------------    -------------------

                         (clock clk_pin rise edge)    0.000     0.000 r  
    E3                                                0.000     0.000 r  clk_in (IN)
                         net (fo=0)                   0.000     0.000    clk_in
    E3                   IBUF (Prop_ibuf_I_O)         1.482     1.482 r  clk_in_IBUF_inst/O
                         net (fo=1, routed)           2.025     3.506    clk_in_IBUF
    BUFGCTRL_X0Y16       BUFG (Prop_bufg_I_O)         0.096     3.602 r  clk_in_IBUF_BUFG_inst/O
                         net (fo=81, routed)          1.723     5.326    seg7/clk_in_IBUF_BUFG
    SLICE_X0Y59          FDCE                                         r  seg7/cnt_reg[13]/C
                         clock pessimism              0.000     5.326    
    SLICE_X0Y59          FDCE (Remov_fdce_C_CLR)     -0.208     5.118    seg7/cnt_reg[13]
  -------------------------------------------------------------------
                         required time                         -5.118    
                         arrival time                           5.959    
  -------------------------------------------------------------------
                         slack                                  0.841    

Slack (MET) :             0.841ns  (arrival time - required time)
  Source:                 reset
                            (input port clocked by clk_pin  {rise@0.000ns fall@50.000ns period=100.000ns})
  Destination:            seg7/cnt_reg[14]/CLR
                            (removal check against rising-edge clock clk_pin  {rise@0.000ns fall@50.000ns period=100.000ns})
  Path Group:             **async_default**
  Path Type:              Removal (Min at Slow Process Corner)
  Requirement:            0.000ns  (clk_pin rise@0.000ns - clk_pin rise@0.000ns)
  Data Path Delay:        4.959ns  (logic 1.406ns (28.353%)  route 3.553ns (71.647%))
  Logic Levels:           1  (IBUF=1)
  Input Delay:            1.000ns
  Clock Path Skew:        5.326ns (DCD - SCD - CPR)
    Destination Clock Delay (DCD):    5.326ns
    Source Clock Delay      (SCD):    0.000ns
    Clock Pessimism Removal (CPR):    -0.000ns

    Location             Delay type                Incr(ns)  Path(ns)    Netlist Resource(s)
  -------------------------------------------------------------------    -------------------
                         (clock clk_pin rise edge)    0.000     0.000 r  
                         input delay                  1.000     1.000    
    N17                                               0.000     1.000 f  reset (IN)
                         net (fo=0)                   0.000     1.000    reset
    N17                  IBUF (Prop_ibuf_I_O)         1.406     2.406 f  reset_IBUF_inst/O
                         net (fo=2228, routed)        3.553     5.959    seg7/AR[0]
    SLICE_X0Y59          FDCE                                         f  seg7/cnt_reg[14]/CLR
  -------------------------------------------------------------------    -------------------

                         (clock clk_pin rise edge)    0.000     0.000 r  
    E3                                                0.000     0.000 r  clk_in (IN)
                         net (fo=0)                   0.000     0.000    clk_in
    E3                   IBUF (Prop_ibuf_I_O)         1.482     1.482 r  clk_in_IBUF_inst/O
                         net (fo=1, routed)           2.025     3.506    clk_in_IBUF
    BUFGCTRL_X0Y16       BUFG (Prop_bufg_I_O)         0.096     3.602 r  clk_in_IBUF_BUFG_inst/O
                         net (fo=81, routed)          1.723     5.326    seg7/clk_in_IBUF_BUFG
    SLICE_X0Y59          FDCE                                         r  seg7/cnt_reg[14]/C
                         clock pessimism              0.000     5.326    
    SLICE_X0Y59          FDCE (Remov_fdce_C_CLR)     -0.208     5.118    seg7/cnt_reg[14]
  -------------------------------------------------------------------
                         required time                         -5.118    
                         arrival time                           5.959    
  -------------------------------------------------------------------
                         slack                                  0.841    

Slack (MET) :             0.844ns  (arrival time - required time)
  Source:                 reset
                            (input port clocked by clk_pin  {rise@0.000ns fall@50.000ns period=100.000ns})
  Destination:            seg7/cnt_reg[0]/CLR
                            (removal check against rising-edge clock clk_pin  {rise@0.000ns fall@50.000ns period=100.000ns})
  Path Group:             **async_default**
  Path Type:              Removal (Min at Slow Process Corner)
  Requirement:            0.000ns  (clk_pin rise@0.000ns - clk_pin rise@0.000ns)
  Data Path Delay:        4.963ns  (logic 1.406ns (28.328%)  route 3.557ns (71.672%))
  Logic Levels:           1  (IBUF=1)
  Input Delay:            1.000ns
  Clock Path Skew:        5.328ns (DCD - SCD - CPR)
    Destination Clock Delay (DCD):    5.328ns
    Source Clock Delay      (SCD):    0.000ns
    Clock Pessimism Removal (CPR):    -0.000ns

    Location             Delay type                Incr(ns)  Path(ns)    Netlist Resource(s)
  -------------------------------------------------------------------    -------------------
                         (clock clk_pin rise edge)    0.000     0.000 r  
                         input delay                  1.000     1.000    
    N17                                               0.000     1.000 f  reset (IN)
                         net (fo=0)                   0.000     1.000    reset
    N17                  IBUF (Prop_ibuf_I_O)         1.406     2.406 f  reset_IBUF_inst/O
                         net (fo=2228, routed)        3.557     5.963    seg7/AR[0]
    SLICE_X0Y56          FDCE                                         f  seg7/cnt_reg[0]/CLR
  -------------------------------------------------------------------    -------------------

                         (clock clk_pin rise edge)    0.000     0.000 r  
    E3                                                0.000     0.000 r  clk_in (IN)
                         net (fo=0)                   0.000     0.000    clk_in
    E3                   IBUF (Prop_ibuf_I_O)         1.482     1.482 r  clk_in_IBUF_inst/O
                         net (fo=1, routed)           2.025     3.506    clk_in_IBUF
    BUFGCTRL_X0Y16       BUFG (Prop_bufg_I_O)         0.096     3.602 r  clk_in_IBUF_BUFG_inst/O
                         net (fo=81, routed)          1.725     5.328    seg7/clk_in_IBUF_BUFG
    SLICE_X0Y56          FDCE                                         r  seg7/cnt_reg[0]/C
                         clock pessimism              0.000     5.328    
    SLICE_X0Y56          FDCE (Remov_fdce_C_CLR)     -0.208     5.120    seg7/cnt_reg[0]
  -------------------------------------------------------------------
                         required time                         -5.120    
                         arrival time                           5.963    
  -------------------------------------------------------------------
                         slack                                  0.844    

Slack (MET) :             0.844ns  (arrival time - required time)
  Source:                 reset
                            (input port clocked by clk_pin  {rise@0.000ns fall@50.000ns period=100.000ns})
  Destination:            seg7/cnt_reg[1]/CLR
                            (removal check against rising-edge clock clk_pin  {rise@0.000ns fall@50.000ns period=100.000ns})
  Path Group:             **async_default**
  Path Type:              Removal (Min at Slow Process Corner)
  Requirement:            0.000ns  (clk_pin rise@0.000ns - clk_pin rise@0.000ns)
  Data Path Delay:        4.963ns  (logic 1.406ns (28.328%)  route 3.557ns (71.672%))
  Logic Levels:           1  (IBUF=1)
  Input Delay:            1.000ns
  Clock Path Skew:        5.328ns (DCD - SCD - CPR)
    Destination Clock Delay (DCD):    5.328ns
    Source Clock Delay      (SCD):    0.000ns
    Clock Pessimism Removal (CPR):    -0.000ns

    Location             Delay type                Incr(ns)  Path(ns)    Netlist Resource(s)
  -------------------------------------------------------------------    -------------------
                         (clock clk_pin rise edge)    0.000     0.000 r  
                         input delay                  1.000     1.000    
    N17                                               0.000     1.000 f  reset (IN)
                         net (fo=0)                   0.000     1.000    reset
    N17                  IBUF (Prop_ibuf_I_O)         1.406     2.406 f  reset_IBUF_inst/O
                         net (fo=2228, routed)        3.557     5.963    seg7/AR[0]
    SLICE_X0Y56          FDCE                                         f  seg7/cnt_reg[1]/CLR
  -------------------------------------------------------------------    -------------------

                         (clock clk_pin rise edge)    0.000     0.000 r  
    E3                                                0.000     0.000 r  clk_in (IN)
                         net (fo=0)                   0.000     0.000    clk_in
    E3                   IBUF (Prop_ibuf_I_O)         1.482     1.482 r  clk_in_IBUF_inst/O
                         net (fo=1, routed)           2.025     3.506    clk_in_IBUF
    BUFGCTRL_X0Y16       BUFG (Prop_bufg_I_O)         0.096     3.602 r  clk_in_IBUF_BUFG_inst/O
                         net (fo=81, routed)          1.725     5.328    seg7/clk_in_IBUF_BUFG
    SLICE_X0Y56          FDCE                                         r  seg7/cnt_reg[1]/C
                         clock pessimism              0.000     5.328    
    SLICE_X0Y56          FDCE (Remov_fdce_C_CLR)     -0.208     5.120    seg7/cnt_reg[1]
  -------------------------------------------------------------------
                         required time                         -5.120    
                         arrival time                           5.963    
  -------------------------------------------------------------------
                         slack                                  0.844    

Slack (MET) :             0.844ns  (arrival time - required time)
  Source:                 reset
                            (input port clocked by clk_pin  {rise@0.000ns fall@50.000ns period=100.000ns})
  Destination:            seg7/cnt_reg[2]/CLR
                            (removal check against rising-edge clock clk_pin  {rise@0.000ns fall@50.000ns period=100.000ns})
  Path Group:             **async_default**
  Path Type:              Removal (Min at Slow Process Corner)
  Requirement:            0.000ns  (clk_pin rise@0.000ns - clk_pin rise@0.000ns)
  Data Path Delay:        4.963ns  (logic 1.406ns (28.328%)  route 3.557ns (71.672%))
  Logic Levels:           1  (IBUF=1)
  Input Delay:            1.000ns
  Clock Path Skew:        5.328ns (DCD - SCD - CPR)
    Destination Clock Delay (DCD):    5.328ns
    Source Clock Delay      (SCD):    0.000ns
    Clock Pessimism Removal (CPR):    -0.000ns

    Location             Delay type                Incr(ns)  Path(ns)    Netlist Resource(s)
  -------------------------------------------------------------------    -------------------
                         (clock clk_pin rise edge)    0.000     0.000 r  
                         input delay                  1.000     1.000    
    N17                                               0.000     1.000 f  reset (IN)
                         net (fo=0)                   0.000     1.000    reset
    N17                  IBUF (Prop_ibuf_I_O)         1.406     2.406 f  reset_IBUF_inst/O
                         net (fo=2228, routed)        3.557     5.963    seg7/AR[0]
    SLICE_X0Y56          FDCE                                         f  seg7/cnt_reg[2]/CLR
  -------------------------------------------------------------------    -------------------

                         (clock clk_pin rise edge)    0.000     0.000 r  
    E3                                                0.000     0.000 r  clk_in (IN)
                         net (fo=0)                   0.000     0.000    clk_in
    E3                   IBUF (Prop_ibuf_I_O)         1.482     1.482 r  clk_in_IBUF_inst/O
                         net (fo=1, routed)           2.025     3.506    clk_in_IBUF
    BUFGCTRL_X0Y16       BUFG (Prop_bufg_I_O)         0.096     3.602 r  clk_in_IBUF_BUFG_inst/O
                         net (fo=81, routed)          1.725     5.328    seg7/clk_in_IBUF_BUFG
    SLICE_X0Y56          FDCE                                         r  seg7/cnt_reg[2]/C
                         clock pessimism              0.000     5.328    
    SLICE_X0Y56          FDCE (Remov_fdce_C_CLR)     -0.208     5.120    seg7/cnt_reg[2]
  -------------------------------------------------------------------
                         required time                         -5.120    
                         arrival time                           5.963    
  -------------------------------------------------------------------
                         slack                                  0.844    





